hour (h);irradiance (W/m^2)
1;0
2;0
3;0
4;0
5;0
6;0
7;0
8;0
9;11.11111111
10;11.11111111
11;47.22222222
12;72.22222222
13;130.5555556
14;80.55555556
15;52.77777778
16;5.555555556
17;0
18;0
19;0
20;0
21;0
22;0
23;0
24;0
1;0
2;0
3;0
4;0
5;0
6;0
7;0
8;0
9;36.11111111
10;91.66666667
11;172.2222222
12;158.3333333
13;163.8888889
14;102.7777778
15;80.55555556
16;5.555555556
17;0
18;0
19;0
20;0
21;0
22;0
23;0
24;0
1;0
2;0
3;0
4;0
5;0
6;0
7;0
8;0
9;5.555555556
10;25
11;75
12;66.66666667
13;33.33333333
14;41.66666667
15;33.33333333
16;2.777777778
17;0
18;0
19;0
20;0
21;0
22;0
23;0
24;0
1;0
2;0
3;0
4;0
5;0
6;0
7;0
8;0
9;5.555555556
10;19.44444444
11;36.11111111
12;41.66666667
13;22.22222222
14;22.22222222
15;19.44444444
16;2.777777778
17;0
18;0
19;0
20;0
21;0
22;0
23;0
24;0
1;0
2;0
3;0
4;0
5;0
6;0
7;0
8;0
9;5.555555556
10;16.66666667
11;25
12;22.22222222
13;16.66666667
14;11.11111111
15;5.555555556
16;0
17;0
18;0
19;0
20;0
21;0
22;0
23;0
24;0
1;0
2;0
3;0
4;0
5;0
6;0
7;0
8;0
9;8.333333333
10;44.44444444
11;52.77777778
12;80.55555556
13;125
14;80.55555556
15;58.33333333
16;11.11111111
17;0
18;0
19;0
20;0
21;0
22;0
23;0
24;0
1;0
2;0
3;0
4;0
5;0
6;0
7;0
8;0
9;5.555555556
10;16.66666667
11;30.55555556
12;27.77777778
13;19.44444444
14;13.88888889
15;8.333333333
16;2.777777778
17;0
18;0
19;0
20;0
21;0
22;0
23;0
24;0
1;0
2;0
3;0
4;0
5;0
6;0
7;0
8;0
9;22.22222222
10;52.77777778
11;75
12;75
13;50
14;30.55555556
15;13.88888889
16;2.777777778
17;0
18;0
19;0
20;0
21;0
22;0
23;0
24;0
1;0
2;0
3;0
4;0
5;0
6;0
7;0
8;0
9;5.555555556
10;11.11111111
11;25
12;22.22222222
13;22.22222222
14;41.66666667
15;16.66666667
16;5.555555556
17;0
18;0
19;0
20;0
21;0
22;0
23;0
24;0
1;0
2;0
3;0
4;0
5;0
6;0
7;0
8;0
9;36.11111111
10;83.33333333
11;183.3333333
12;155.5555556
13;63.88888889
14;52.77777778
15;52.77777778
16;8.333333333
17;0
18;0
19;0
20;0
21;0
22;0
23;0
24;0
1;0
2;0
3;0
4;0
5;0
6;0
7;0
8;0
9;22.22222222
10;83.33333333
11;105.5555556
12;111.1111111
13;180.5555556
14;150
15;97.22222222
16;8.333333333
17;0
18;0
19;0
20;0
21;0
22;0
23;0
24;0
1;0
2;0
3;0
4;0
5;0
6;0
7;0
8;2.777777778
9;19.44444444
10;69.44444444
11;177.7777778
12;305.5555556
13;191.6666667
14;102.7777778
15;88.88888889
16;22.22222222
17;0
18;0
19;0
20;0
21;0
22;0
23;0
24;0
1;0
2;0
3;0
4;0
5;0
6;0
7;0
8;2.777777778
9;80.55555556
10;172.2222222
11;238.8888889
12;244.4444444
13;227.7777778
14;175
15;97.22222222
16;16.66666667
17;0
18;0
19;0
20;0
21;0
22;0
23;0
24;0
1;0
2;0
3;0
4;0
5;0
6;0
7;0
8;2.777777778
9;88.88888889
10;211.1111111
11;330.5555556
12;236.1111111
13;166.6666667
14;116.6666667
15;30.55555556
16;5.555555556
17;0
18;0
19;0
20;0
21;0
22;0
23;0
24;0
1;0
2;0
3;0
4;0
5;0
6;0
7;0
8;0
9;33.33333333
10;55.55555556
11;111.1111111
12;94.44444444
13;97.22222222
14;66.66666667
15;36.11111111
16;11.11111111
17;0
18;0
19;0
20;0
21;0
22;0
23;0
24;0
1;0
2;0
3;0
4;0
5;0
6;0
7;0
8;2.777777778
9;55.55555556
10;138.8888889
11;216.6666667
12;252.7777778
13;238.8888889
14;191.6666667
15;111.1111111
16;25
17;0
18;0
19;0
20;0
21;0
22;0
23;0
24;0
1;0
2;0
3;0
4;0
5;0
6;0
7;0
8;0
9;11.11111111
10;41.66666667
11;69.44444444
12;88.88888889
13;100
14;88.88888889
15;52.77777778
16;13.88888889
17;0
18;0
19;0
20;0
21;0
22;0
23;0
24;0
1;0
2;0
3;0
4;0
5;0
6;0
7;0
8;2.777777778
9;27.77777778
10;69.44444444
11;122.2222222
12;183.3333333
13;219.4444444
14;163.8888889
15;44.44444444
16;8.333333333
17;0
18;0
19;0
20;0
21;0
22;0
23;0
24;0
1;0
2;0
3;0
4;0
5;0
6;0
7;0
8;0
9;16.66666667
10;25
11;36.11111111
12;69.44444444
13;194.4444444
14;138.8888889
15;125
16;30.55555556
17;0
18;0
19;0
20;0
21;0
22;0
23;0
24;0
1;0
2;0
3;0
4;0
5;0
6;0
7;0
8;2.777777778
9;30.55555556
10;75
11;80.55555556
12;77.77777778
13;58.33333333
14;47.22222222
15;22.22222222
16;8.333333333
17;0
18;0
19;0
20;0
21;0
22;0
23;0
24;0
1;0
2;0
3;0
4;0
5;0
6;0
7;0
8;0
9;11.11111111
10;33.33333333
11;50
12;58.33333333
13;41.66666667
14;47.22222222
15;47.22222222
16;16.66666667
17;0
18;0
19;0
20;0
21;0
22;0
23;0
24;0
1;0
2;0
3;0
4;0
5;0
6;0
7;0
8;2.777777778
9;27.77777778
10;66.66666667
11;144.4444444
12;238.8888889
13;255.5555556
14;211.1111111
15;130.5555556
16;38.88888889
17;0
18;0
19;0
20;0
21;0
22;0
23;0
24;0
1;0
2;0
3;0
4;0
5;0
6;0
7;0
8;2.777777778
9;27.77777778
10;75
11;116.6666667
12;116.6666667
13;111.1111111
14;83.33333333
15;52.77777778
16;13.88888889
17;0
18;0
19;0
20;0
21;0
22;0
23;0
24;0
1;0
2;0
3;0
4;0
5;0
6;0
7;0
8;5.555555556
9;116.6666667
10;225
11;283.3333333
12;313.8888889
13;308.3333333
14;247.2222222
15;161.1111111
16;52.77777778
17;0
18;0
19;0
20;0
21;0
22;0
23;0
24;0
1;0
2;0
3;0
4;0
5;0
6;0
7;0
8;11.11111111
9;125
10;275
11;336.1111111
12;361.1111111
13;222.2222222
14;97.22222222
15;47.22222222
16;8.333333333
17;0
18;0
19;0
20;0
21;0
22;0
23;0
24;0
1;0
2;0
3;0
4;0
5;0
6;0
7;0
8;5.555555556
9;50
10;41.66666667
11;52.77777778
12;77.77777778
13;83.33333333
14;63.88888889
15;27.77777778
16;13.88888889
17;0
18;0
19;0
20;0
21;0
22;0
23;0
24;0
1;0
2;0
3;0
4;0
5;0
6;0
7;0
8;0
9;11.11111111
10;19.44444444
11;30.55555556
12;22.22222222
13;25
14;36.11111111
15;61.11111111
16;52.77777778
17;2.777777778
18;0
19;0
20;0
21;0
22;0
23;0
24;0
1;0
2;0
3;0
4;0
5;0
6;0
7;0
8;0
9;19.44444444
10;97.22222222
11;261.1111111
12;288.8888889
13;305.5555556
14;205.5555556
15;105.5555556
16;22.22222222
17;0
18;0
19;0
20;0
21;0
22;0
23;0
24;0
1;0
2;0
3;0
4;0
5;0
6;0
7;0
8;5.555555556
9;41.66666667
10;61.11111111
11;72.22222222
12;44.44444444
13;33.33333333
14;47.22222222
15;25
16;5.555555556
17;0
18;0
19;0
20;0
21;0
22;0
23;0
24;0
1;0
2;0
3;0
4;0
5;0
6;0
7;0
8;0
9;8.333333333
10;47.22222222
11;155.5555556
12;188.8888889
13;183.3333333
14;50
15;155.5555556
16;55.55555556
17;5.555555556
18;0
19;0
20;0
21;0
22;0
23;0
24;0
1;0
2;0
3;0
4;0
5;0
6;0
7;0
8;2.777777778
9;16.66666667
10;13.88888889
11;27.77777778
12;61.11111111
13;241.6666667
14;158.3333333
15;158.3333333
16;47.22222222
17;2.777777778
18;0
19;0
20;0
21;0
22;0
23;0
24;0
1;0
2;0
3;0
4;0
5;0
6;0
7;0
8;2.777777778
9;16.66666667
10;38.88888889
11;52.77777778
12;52.77777778
13;61.11111111
14;61.11111111
15;25
16;5.555555556
17;0
18;0
19;0
20;0
21;0
22;0
23;0
24;0
1;0
2;0
3;0
4;0
5;0
6;0
7;0
8;2.777777778
9;36.11111111
10;183.3333333
11;300
12;272.2222222
13;288.8888889
14;266.6666667
15;105.5555556
16;86.11111111
17;5.555555556
18;0
19;0
20;0
21;0
22;0
23;0
24;0
1;0
2;0
3;0
4;0
5;0
6;0
7;0
8;5.555555556
9;97.22222222
10;183.3333333
11;166.6666667
12;147.2222222
13;72.22222222
14;38.88888889
15;16.66666667
16;2.777777778
17;0
18;0
19;0
20;0
21;0
22;0
23;0
24;0
1;0
2;0
3;0
4;0
5;0
6;0
7;0
8;5.555555556
9;47.22222222
10;38.88888889
11;169.4444444
12;350
13;336.1111111
14;288.8888889
15;200
16;86.11111111
17;5.555555556
18;0
19;0
20;0
21;0
22;0
23;0
24;0
1;0
2;0
3;0
4;0
5;0
6;0
7;0
8;27.77777778
9;72.22222222
10;94.44444444
11;300
12;200
13;200
14;230.5555556
15;136.1111111
16;55.55555556
17;2.777777778
18;0
19;0
20;0
21;0
22;0
23;0
24;0
1;0
2;0
3;0
4;0
5;0
6;0
7;0
8;5.555555556
9;80.55555556
10;233.3333333
11;327.7777778
12;366.6666667
13;352.7777778
14;272.2222222
15;152.7777778
16;63.88888889
17;8.333333333
18;0
19;0
20;0
21;0
22;0
23;0
24;0
1;0
2;0
3;0
4;0
5;0
6;0
7;0
8;44.44444444
9;113.8888889
10;169.4444444
11;233.3333333
12;352.7777778
13;197.2222222
14;233.3333333
15;147.2222222
16;61.11111111
17;5.555555556
18;0
19;0
20;0
21;0
22;0
23;0
24;0
1;0
2;0
3;0
4;0
5;0
6;0
7;0
8;19.44444444
9;86.11111111
10;244.4444444
11;283.3333333
12;366.6666667
13;180.5555556
14;97.22222222
15;213.8888889
16;36.11111111
17;5.555555556
18;0
19;0
20;0
21;0
22;0
23;0
24;0
1;0
2;0
3;0
4;0
5;0
6;0
7;0
8;2.777777778
9;22.22222222
10;63.88888889
11;75
12;105.5555556
13;116.6666667
14;61.11111111
15;13.88888889
16;16.66666667
17;2.777777778
18;0
19;0
20;0
21;0
22;0
23;0
24;0
1;0
2;0
3;0
4;0
5;0
6;0
7;0
8;11.11111111
9;41.66666667
10;236.1111111
11;388.8888889
12;402.7777778
13;397.2222222
14;261.1111111
15;183.3333333
16;97.22222222
17;19.44444444
18;0
19;0
20;0
21;0
22;0
23;0
24;0
1;0
2;0
3;0
4;0
5;0
6;0
7;0
8;22.22222222
9;91.66666667
10;180.5555556
11;188.8888889
12;183.3333333
13;163.8888889
14;180.5555556
15;86.11111111
16;47.22222222
17;11.11111111
18;0
19;0
20;0
21;0
22;0
23;0
24;0
1;0
2;0
3;0
4;0
5;0
6;0
7;0
8;13.88888889
9;50
10;86.11111111
11;91.66666667
12;108.3333333
13;116.6666667
14;88.88888889
15;86.11111111
16;100
17;5.555555556
18;0
19;0
20;0
21;0
22;0
23;0
24;0
1;0
2;0
3;0
4;0
5;0
6;0
7;0
8;19.44444444
9;63.88888889
10;111.1111111
11;136.1111111
12;200
13;322.2222222
14;347.2222222
15;191.6666667
16;94.44444444
17;13.88888889
18;0
19;0
20;0
21;0
22;0
23;0
24;0
1;0
2;0
3;0
4;0
5;0
6;0
7;0
8;13.88888889
9;36.11111111
10;55.55555556
11;63.88888889
12;63.88888889
13;83.33333333
14;77.77777778
15;52.77777778
16;27.77777778
17;11.11111111
18;0
19;0
20;0
21;0
22;0
23;0
24;0
1;0
2;0
3;0
4;0
5;0
6;0
7;0
8;16.66666667
9;94.44444444
10;158.3333333
11;216.6666667
12;369.4444444
13;216.6666667
14;222.2222222
15;105.5555556
16;44.44444444
17;8.333333333
18;0
19;0
20;0
21;0
22;0
23;0
24;0
1;0
2;0
3;0
4;0
5;0
6;0
7;0
8;25
9;66.66666667
10;119.4444444
11;161.1111111
12;130.5555556
13;113.8888889
14;127.7777778
15;77.77777778
16;38.88888889
17;8.333333333
18;0
19;0
20;0
21;0
22;0
23;0
24;0
1;0
2;0
3;0
4;0
5;0
6;0
7;0
8;27.77777778
9;94.44444444
10;166.6666667
11;225
12;302.7777778
13;366.6666667
14;352.7777778
15;91.66666667
16;27.77777778
17;16.66666667
18;0
19;0
20;0
21;0
22;0
23;0
24;0
1;0
2;0
3;0
4;0
5;0
6;0
7;0
8;44.44444444
9;172.2222222
10;302.7777778
11;375
12;416.6666667
13;380.5555556
14;222.2222222
15;108.3333333
16;52.77777778
17;16.66666667
18;0
19;0
20;0
21;0
22;0
23;0
24;0
1;0
2;0
3;0
4;0
5;0
6;0
7;0
8;25
9;55.55555556
10;102.7777778
11;141.6666667
12;138.8888889
13;147.2222222
14;83.33333333
15;58.33333333
16;13.88888889
17;2.777777778
18;0
19;0
20;0
21;0
22;0
23;0
24;0
1;0
2;0
3;0
4;0
5;0
6;0
7;2.777777778
8;75
9;205.5555556
10;291.6666667
11;197.2222222
12;461.1111111
13;363.8888889
14;116.6666667
15;80.55555556
16;75
17;16.66666667
18;0
19;0
20;0
21;0
22;0
23;0
24;0
1;0
2;0
3;0
4;0
5;0
6;0
7;2.777777778
8;41.66666667
9;119.4444444
10;188.8888889
11;275
12;188.8888889
13;141.6666667
14;133.3333333
15;100
16;75
17;22.22222222
18;0
19;0
20;0
21;0
22;0
23;0
24;0
1;0
2;0
3;0
4;0
5;0
6;0
7;2.777777778
8;77.77777778
9;219.4444444
10;308.3333333
11;308.3333333
12;172.2222222
13;163.8888889
14;172.2222222
15;86.11111111
16;38.88888889
17;8.333333333
18;0
19;0
20;0
21;0
22;0
23;0
24;0
1;0
2;0
3;0
4;0
5;0
6;0
7;2.777777778
8;38.88888889
9;86.11111111
10;147.2222222
11;188.8888889
12;144.4444444
13;125
14;105.5555556
15;88.88888889
16;50
17;11.11111111
18;0
19;0
20;0
21;0
22;0
23;0
24;0
1;0
2;0
3;0
4;0
5;0
6;0
7;0
8;13.88888889
9;38.88888889
10;69.44444444
11;111.1111111
12;111.1111111
13;122.2222222
14;66.66666667
15;47.22222222
16;36.11111111
17;13.88888889
18;0
19;0
20;0
21;0
22;0
23;0
24;0
1;0
2;0
3;0
4;0
5;0
6;0
7;0
8;16.66666667
9;52.77777778
10;63.88888889
11;91.66666667
12;86.11111111
13;88.88888889
14;69.44444444
15;27.77777778
16;16.66666667
17;5.555555556
18;0
19;0
20;0
21;0
22;0
23;0
24;0
1;0
2;0
3;0
4;0
5;0
6;0
7;0
8;16.66666667
9;38.88888889
10;77.77777778
11;175
12;363.8888889
13;369.4444444
14;247.2222222
15;111.1111111
16;66.66666667
17;19.44444444
18;0
19;0
20;0
21;0
22;0
23;0
24;0
1;0
2;0
3;0
4;0
5;0
6;0
7;0
8;11.11111111
9;27.77777778
10;41.66666667
11;50
12;63.88888889
13;88.88888889
14;105.5555556
15;119.4444444
16;86.11111111
17;33.33333333
18;0
19;0
20;0
21;0
22;0
23;0
24;0
1;0
2;0
3;0
4;0
5;0
6;0
7;5.555555556
8;33.33333333
9;72.22222222
10;116.6666667
11;266.6666667
12;411.1111111
13;438.8888889
14;408.3333333
15;308.3333333
16;188.8888889
17;61.11111111
18;2.777777778
19;0
20;0
21;0
22;0
23;0
24;0
1;0
2;0
3;0
4;0
5;0
6;0
7;5.555555556
8;38.88888889
9;75
10;125
11;169.4444444
12;152.7777778
13;161.1111111
14;133.3333333
15;80.55555556
16;50
17;13.88888889
18;0
19;0
20;0
21;0
22;0
23;0
24;0
1;0
2;0
3;0
4;0
5;0
6;0
7;2.777777778
8;30.55555556
9;88.88888889
10;130.5555556
11;155.5555556
12;219.4444444
13;277.7777778
14;225
15;122.2222222
16;72.22222222
17;22.22222222
18;0
19;0
20;0
21;0
22;0
23;0
24;0
1;0
2;0
3;0
4;0
5;0
6;0
7;2.777777778
8;22.22222222
9;38.88888889
10;75
11;113.8888889
12;100
13;138.8888889
14;136.1111111
15;77.77777778
16;50
17;13.88888889
18;0
19;0
20;0
21;0
22;0
23;0
24;0
1;0
2;0
3;0
4;0
5;0
6;0
7;16.66666667
8;130.5555556
9;283.3333333
10;411.1111111
11;497.2222222
12;541.6666667
13;533.3333333
14;475
15;372.2222222
16;236.1111111
17;83.33333333
18;2.777777778
19;0
20;0
21;0
22;0
23;0
24;0
1;0
2;0
3;0
4;0
5;0
6;0
7;19.44444444
8;125
9;272.2222222
10;400
11;488.8888889
12;522.2222222
13;505.5555556
14;444.4444444
15;344.4444444
16;205.5555556
17;72.22222222
18;5.555555556
19;0
20;0
21;0
22;0
23;0
24;0
1;0
2;0
3;0
4;0
5;0
6;0
7;8.333333333
8;44.44444444
9;102.7777778
10;263.8888889
11;313.8888889
12;213.8888889
13;283.3333333
14;205.5555556
15;177.7777778
16;105.5555556
17;33.33333333
18;2.777777778
19;0
20;0
21;0
22;0
23;0
24;0
1;0
2;0
3;0
4;0
5;0
6;0
7;5.555555556
8;38.88888889
9;77.77777778
10;144.4444444
11;302.7777778
12;250
13;188.8888889
14;163.8888889
15;130.5555556
16;127.7777778
17;63.88888889
18;2.777777778
19;0
20;0
21;0
22;0
23;0
24;0
1;0
2;0
3;0
4;0
5;0
6;0
7;19.44444444
8;38.88888889
9;88.88888889
10;155.5555556
11;294.4444444
12;369.4444444
13;413.8888889
14;277.7777778
15;205.5555556
16;177.7777778
17;61.11111111
18;2.777777778
19;0
20;0
21;0
22;0
23;0
24;0
1;0
2;0
3;0
4;0
5;0
6;0
7;2.777777778
8;19.44444444
9;36.11111111
10;44.44444444
11;58.33333333
12;63.88888889
13;50
14;63.88888889
15;58.33333333
16;33.33333333
17;13.88888889
18;0
19;0
20;0
21;0
22;0
23;0
24;0
1;0
2;0
3;0
4;0
5;0
6;0
7;5.555555556
8;16.66666667
9;36.11111111
10;52.77777778
11;58.33333333
12;108.3333333
13;91.66666667
14;66.66666667
15;44.44444444
16;30.55555556
17;13.88888889
18;0
19;0
20;0
21;0
22;0
23;0
24;0
1;0
2;0
3;0
4;0
5;0
6;0
7;16.66666667
8;33.33333333
9;83.33333333
10;127.7777778
11;141.6666667
12;155.5555556
13;172.2222222
14;133.3333333
15;88.88888889
16;69.44444444
17;25
18;2.777777778
19;0
20;0
21;0
22;0
23;0
24;0
1;0
2;0
3;0
4;0
5;0
6;0
7;16.66666667
8;72.22222222
9;186.1111111
10;188.8888889
11;241.6666667
12;372.2222222
13;566.6666667
14;391.6666667
15;308.3333333
16;288.8888889
17;116.6666667
18;13.88888889
19;0
20;0
21;0
22;0
23;0
24;0
1;0
2;0
3;0
4;0
5;0
6;0
7;11.11111111
8;41.66666667
9;75
10;152.7777778
11;502.7777778
12;477.7777778
13;472.2222222
14;394.4444444
15;438.8888889
16;272.2222222
17;38.88888889
18;16.66666667
19;0
20;0
21;0
22;0
23;0
24;0
1;0
2;0
3;0
4;0
5;0
6;0
7;80.55555556
8;272.2222222
9;375
10;383.3333333
11;263.8888889
12;338.8888889
13;383.3333333
14;400
15;383.3333333
16;266.6666667
17;125
18;8.333333333
19;0
20;0
21;0
22;0
23;0
24;0
1;0
2;0
3;0
4;0
5;0
6;0
7;22.22222222
8;80.55555556
9;225
10;330.5555556
11;222.2222222
12;155.5555556
13;122.2222222
14;80.55555556
15;72.22222222
16;30.55555556
17;30.55555556
18;5.555555556
19;0
20;0
21;0
22;0
23;0
24;0
1;0
2;0
3;0
4;0
5;0
6;0
7;25
8;75
9;150
10;172.2222222
11;241.6666667
12;216.6666667
13;230.5555556
14;213.8888889
15;197.2222222
16;166.6666667
17;75
18;13.88888889
19;0
20;0
21;0
22;0
23;0
24;0
1;0
2;0
3;0
4;0
5;0
6;0
7;22.22222222
8;38.88888889
9;130.5555556
10;241.6666667
11;250
12;155.5555556
13;255.5555556
14;150
15;50
16;130.5555556
17;50
18;19.44444444
19;0
20;0
21;0
22;0
23;0
24;0
1;0
2;0
3;0
4;0
5;0
6;0
7;5.555555556
8;111.1111111
9;333.3333333
10;455.5555556
11;575
12;416.6666667
13;508.3333333
14;358.3333333
15;188.8888889
16;172.2222222
17;83.33333333
18;11.11111111
19;0
20;0
21;0
22;0
23;0
24;0
1;0
2;0
3;0
4;0
5;0
6;0
7;50
8;113.8888889
9;236.1111111
10;183.3333333
11;194.4444444
12;280.5555556
13;147.2222222
14;169.4444444
15;91.66666667
16;108.3333333
17;55.55555556
18;8.333333333
19;0
20;0
21;0
22;0
23;0
24;0
1;0
2;0
3;0
4;0
5;0
6;0
7;19.44444444
8;77.77777778
9;102.7777778
10;175
11;205.5555556
12;238.8888889
13;316.6666667
14;297.2222222
15;222.2222222
16;122.2222222
17;41.66666667
18;11.11111111
19;0
20;0
21;0
22;0
23;0
24;0
1;0
2;0
3;0
4;0
5;0
6;0
7;80.55555556
8;233.3333333
9;358.3333333
10;322.2222222
11;441.6666667
12;472.2222222
13;202.7777778
14;241.6666667
15;297.2222222
16;172.2222222
17;33.33333333
18;13.88888889
19;0
20;0
21;0
22;0
23;0
24;0
1;0
2;0
3;0
4;0
5;0
6;2.777777778
7;80.55555556
8;188.8888889
9;294.4444444
10;402.7777778
11;438.8888889
12;494.4444444
13;502.7777778
14;352.7777778
15;325
16;158.3333333
17;50
18;13.88888889
19;0
20;0
21;0
22;0
23;0
24;0
1;0
2;0
3;0
4;0
5;0
6;2.777777778
7;33.33333333
8;86.11111111
9;186.1111111
10;330.5555556
11;377.7777778
12;458.3333333
13;486.1111111
14;225
15;205.5555556
16;119.4444444
17;66.66666667
18;13.88888889
19;0
20;0
21;0
22;0
23;0
24;0
1;0
2;0
3;0
4;0
5;0
6;5.555555556
7;44.44444444
8;122.2222222
9;272.2222222
10;311.1111111
11;338.8888889
12;322.2222222
13;522.2222222
14;336.1111111
15;175
16;113.8888889
17;58.33333333
18;19.44444444
19;0
20;0
21;0
22;0
23;0
24;0
1;0
2;0
3;0
4;0
5;0
6;2.777777778
7;61.11111111
8;180.5555556
9;366.6666667
10;466.6666667
11;650
12;694.4444444
13;480.5555556
14;472.2222222
15;388.8888889
16;258.3333333
17;125
18;27.77777778
19;0
20;0
21;0
22;0
23;0
24;0
1;0
2;0
3;0
4;0
5;0
6;8.333333333
7;83.33333333
8;263.8888889
9;441.6666667
10;566.6666667
11;644.4444444
12;683.3333333
13;672.2222222
14;605.5555556
15;491.6666667
16;350
17;188.8888889
18;47.22222222
19;0
20;0
21;0
22;0
23;0
24;0
1;0
2;0
3;0
4;0
5;0
6;11.11111111
7;119.4444444
8;286.1111111
9;438.8888889
10;561.1111111
11;644.4444444
12;680.5555556
13;663.8888889
14;600
15;491.6666667
16;347.2222222
17;186.1111111
18;41.66666667
19;0
20;0
21;0
22;0
23;0
24;0
1;0
2;0
3;0
4;0
5;0
6;11.11111111
7;111.1111111
8;266.6666667
9;408.3333333
10;527.7777778
11;425
12;427.7777778
13;211.1111111
14;130.5555556
15;166.6666667
16;158.3333333
17;113.8888889
18;33.33333333
19;0
20;0
21;0
22;0
23;0
24;0
1;0
2;0
3;0
4;0
5;0
6;2.777777778
7;22.22222222
8;58.33333333
9;91.66666667
10;138.8888889
11;119.4444444
12;100
13;252.7777778
14;236.1111111
15;150
16;111.1111111
17;47.22222222
18;22.22222222
19;0
20;0
21;0
22;0
23;0
24;0
1;0
2;0
3;0
4;0
5;0
6;11.11111111
7;108.3333333
8;152.7777778
9;130.5555556
10;233.3333333
11;186.1111111
12;305.5555556
13;325
14;363.8888889
15;341.6666667
16;213.8888889
17;169.4444444
18;47.22222222
19;0
20;0
21;0
22;0
23;0
24;0
1;0
2;0
3;0
4;0
5;0
6;11.11111111
7;97.22222222
8;202.7777778
9;261.1111111
10;388.8888889
11;333.3333333
12;313.8888889
13;441.6666667
14;119.4444444
15;116.6666667
16;47.22222222
17;113.8888889
18;50
19;0
20;0
21;0
22;0
23;0
24;0
1;0
2;0
3;0
4;0
5;0
6;22.22222222
7;138.8888889
8;297.2222222
9;436.1111111
10;486.1111111
11;405.5555556
12;505.5555556
13;588.8888889
14;586.1111111
15;516.6666667
16;350
17;197.2222222
18;61.11111111
19;0
20;0
21;0
22;0
23;0
24;0
1;0
2;0
3;0
4;0
5;0
6;25
7;152.7777778
8;325
9;486.1111111
10;611.1111111
11;691.6666667
12;719.4444444
13;702.7777778
14;636.1111111
15;527.7777778
16;383.3333333
17;216.6666667
18;66.66666667
19;0
20;0
21;0
22;0
23;0
24;0
1;0
2;0
3;0
4;0
5;0
6;13.88888889
7;125
8;308.3333333
9;458.3333333
10;344.4444444
11;569.4444444
12;713.8888889
13;661.1111111
14;611.1111111
15;458.3333333
16;213.8888889
17;97.22222222
18;38.88888889
19;2.777777778
20;0
21;0
22;0
23;0
24;0
1;0
2;0
3;0
4;0
5;0
6;2.777777778
7;30.55555556
8;77.77777778
9;261.1111111
10;150
11;144.4444444
12;102.7777778
13;141.6666667
14;97.22222222
15;63.88888889
16;58.33333333
17;44.44444444
18;25
19;2.777777778
20;0
21;0
22;0
23;0
24;0
1;0
2;0
3;0
4;0
5;0
6;13.88888889
7;88.88888889
8;108.3333333
9;141.6666667
10;311.1111111
11;322.2222222
12;441.6666667
13;475
14;402.7777778
15;258.3333333
16;125
17;66.66666667
18;25
19;0
20;0
21;0
22;0
23;0
24;0
1;0
2;0
3;0
4;0
5;0
6;8.333333333
7;38.88888889
8;116.6666667
9;238.8888889
10;469.4444444
11;702.7777778
12;733.3333333
13;536.1111111
14;450
15;283.3333333
16;269.4444444
17;219.4444444
18;75
19;2.777777778
20;0
21;0
22;0
23;0
24;0
1;0
2;0
3;0
4;0
5;0
6;16.66666667
7;61.11111111
8;236.1111111
9;505.5555556
10;630.5555556
11;752.7777778
12;750
13;708.3333333
14;647.2222222
15;466.6666667
16;355.5555556
17;166.6666667
18;83.33333333
19;2.777777778
20;0
21;0
22;0
23;0
24;0
1;0
2;0
3;0
4;0
5;0
6;22.22222222
7;111.1111111
8;227.7777778
9;411.1111111
10;450
11;597.2222222
12;680.5555556
13;536.1111111
14;461.1111111
15;386.1111111
16;216.6666667
17;152.7777778
18;69.44444444
19;5.555555556
20;0
21;0
22;0
23;0
24;0
1;0
2;0
3;0
4;0
5;0
6;25
7;91.66666667
8;200
9;325
10;388.8888889
11;400
12;338.8888889
13;80.55555556
14;191.6666667
15;247.2222222
16;161.1111111
17;86.11111111
18;25
19;2.777777778
20;0
21;0
22;0
23;0
24;0
1;0
2;0
3;0
4;0
5;0
6;16.66666667
7;61.11111111
8;136.1111111
9;305.5555556
10;350
11;316.6666667
12;358.3333333
13;361.1111111
14;213.8888889
15;408.3333333
16;269.4444444
17;86.11111111
18;30.55555556
19;5.555555556
20;0
21;0
22;0
23;0
24;0
1;0
2;0
3;0
4;0
5;0
6;5.555555556
7;30.55555556
8;116.6666667
9;97.22222222
10;163.8888889
11;191.6666667
12;108.3333333
13;75
14;94.44444444
15;86.11111111
16;47.22222222
17;50
18;19.44444444
19;2.777777778
20;0
21;0
22;0
23;0
24;0
1;0
2;0
3;0
4;0
5;0
6;8.333333333
7;41.66666667
8;119.4444444
9;230.5555556
10;222.2222222
11;155.5555556
12;358.3333333
13;463.8888889
14;247.2222222
15;341.6666667
16;219.4444444
17;102.7777778
18;27.77777778
19;2.777777778
20;0
21;0
22;0
23;0
24;0
1;0
2;0
3;0
4;0
5;0
6;5.555555556
7;55.55555556
8;86.11111111
9;202.7777778
10;250
11;375
12;500
13;358.3333333
14;422.2222222
15;441.6666667
16;297.2222222
17;197.2222222
18;41.66666667
19;0
20;0
21;0
22;0
23;0
24;0
1;0
2;0
3;0
4;0
5;0
6;11.11111111
7;33.33333333
8;177.7777778
9;238.8888889
10;308.3333333
11;366.6666667
12;433.3333333
13;533.3333333
14;600
15;397.2222222
16;341.6666667
17;233.3333333
18;127.7777778
19;11.11111111
20;0
21;0
22;0
23;0
24;0
1;0
2;0
3;0
4;0
5;2.777777778
6;75
7;75
8;163.8888889
9;127.7777778
10;94.44444444
11;205.5555556
12;472.2222222
13;325
14;411.1111111
15;466.6666667
16;316.6666667
17;158.3333333
18;61.11111111
19;5.555555556
20;0
21;0
22;0
23;0
24;0
1;0
2;0
3;0
4;0
5;2.777777778
6;58.33333333
7;186.1111111
8;197.2222222
9;280.5555556
10;447.2222222
11;602.7777778
12;583.3333333
13;227.7777778
14;125
15;61.11111111
16;55.55555556
17;63.88888889
18;61.11111111
19;19.44444444
20;0
21;0
22;0
23;0
24;0
1;0
2;0
3;0
4;0
5;2.777777778
6;41.66666667
7;113.8888889
8;150
9;161.1111111
10;311.1111111
11;413.8888889
12;552.7777778
13;600
14;447.2222222
15;336.1111111
16;188.8888889
17;83.33333333
18;33.33333333
19;5.555555556
20;0
21;0
22;0
23;0
24;0
1;0
2;0
3;0
4;0
5;5.555555556
6;58.33333333
7;180.5555556
8;400
9;544.4444444
10;669.4444444
11;686.1111111
12;650
13;669.4444444
14;683.3333333
15;575
16;400
17;277.7777778
18;116.6666667
19;13.88888889
20;0
21;0
22;0
23;0
24;0
1;0
2;0
3;0
4;0
5;5.555555556
6;80.55555556
7;233.3333333
8;286.1111111
9;113.8888889
10;66.66666667
11;327.7777778
12;458.3333333
13;227.7777778
14;436.1111111
15;163.8888889
16;233.3333333
17;133.3333333
18;88.88888889
19;11.11111111
20;0
21;0
22;0
23;0
24;0
1;0
2;0
3;0
4;0
5;5.555555556
6;97.22222222
7;261.1111111
8;391.6666667
9;594.4444444
10;705.5555556
11;780.5555556
12;813.8888889
13;763.8888889
14;722.2222222
15;608.3333333
16;463.8888889
17;300
18;133.3333333
19;19.44444444
20;0
21;0
22;0
23;0
24;0
1;0
2;0
3;0
4;0
5;8.333333333
6;86.11111111
7;208.3333333
8;269.4444444
9;563.8888889
10;583.3333333
11;613.8888889
12;605.5555556
13;433.3333333
14;405.5555556
15;286.1111111
16;383.3333333
17;275
18;88.88888889
19;13.88888889
20;0
21;0
22;0
23;0
24;0
1;0
2;0
3;0
4;0
5;11.11111111
6;88.88888889
7;233.3333333
8;386.1111111
9;541.6666667
10;658.3333333
11;727.7777778
12;772.2222222
13;705.5555556
14;513.8888889
15;511.1111111
16;347.2222222
17;175
18;69.44444444
19;11.11111111
20;0
21;0
22;0
23;0
24;0
1;0
2;0
3;0
4;0
5;2.777777778
6;16.66666667
7;30.55555556
8;83.33333333
9;97.22222222
10;97.22222222
11;150
12;191.6666667
13;266.6666667
14;313.8888889
15;333.3333333
16;238.8888889
17;141.6666667
18;86.11111111
19;22.22222222
20;0
21;0
22;0
23;0
24;0
1;0
2;0
3;0
4;0
5;8.333333333
6;97.22222222
7;219.4444444
8;405.5555556
9;544.4444444
10;666.6666667
11;744.4444444
12;666.6666667
13;733.3333333
14;669.4444444
15;363.8888889
16;369.4444444
17;144.4444444
18;52.77777778
19;11.11111111
20;0
21;0
22;0
23;0
24;0
1;0
2;0
3;0
4;0
5;2.777777778
6;44.44444444
7;150
8;330.5555556
9;280.5555556
10;597.2222222
11;408.3333333
12;366.6666667
13;572.2222222
14;661.1111111
15;494.4444444
16;355.5555556
17;266.6666667
18;111.1111111
19;19.44444444
20;0
21;0
22;0
23;0
24;0
1;0
2;0
3;0
4;0
5;0
6;11.11111111
7;27.77777778
8;52.77777778
9;36.11111111
10;38.88888889
11;55.55555556
12;80.55555556
13;80.55555556
14;75
15;94.44444444
16;88.88888889
17;44.44444444
18;19.44444444
19;5.555555556
20;0
21;0
22;0
23;0
24;0
1;0
2;0
3;0
4;0
5;11.11111111
6;80.55555556
7;213.8888889
8;208.3333333
9;350
10;497.2222222
11;638.8888889
12;636.1111111
13;600
14;611.1111111
15;536.1111111
16;408.3333333
17;291.6666667
18;169.4444444
19;41.66666667
20;0
21;0
22;0
23;0
24;0
1;0
2;0
3;0
4;0
5;13.88888889
6;166.6666667
7;227.7777778
8;363.8888889
9;325
10;438.8888889
11;583.3333333
12;750
13;816.6666667
14;700
15;422.2222222
16;436.1111111
17;322.2222222
18;127.7777778
19;27.77777778
20;0
21;0
22;0
23;0
24;0
1;0
2;0
3;0
4;0
5;2.777777778
6;33.33333333
7;69.44444444
8;69.44444444
9;75
10;86.11111111
11;480.5555556
12;808.3333333
13;700
14;700
15;538.8888889
16;472.2222222
17;341.6666667
18;163.8888889
19;33.33333333
20;0
21;0
22;0
23;0
24;0
1;0
2;0
3;0
4;0
5;13.88888889
6;102.7777778
7;191.6666667
8;275
9;488.8888889
10;480.5555556
11;658.3333333
12;400
13;558.3333333
14;472.2222222
15;611.1111111
16;491.6666667
17;336.1111111
18;169.4444444
19;41.66666667
20;0
21;0
22;0
23;0
24;0
1;0
2;0
3;0
4;0
5;19.44444444
6;136.1111111
7;266.6666667
8;463.8888889
9;616.6666667
10;730.5555556
11;777.7777778
12;727.7777778
13;741.6666667
14;727.7777778
15;594.4444444
16;441.6666667
17;236.1111111
18;119.4444444
19;38.88888889
20;2.777777778
21;0
22;0
23;0
24;0
1;0
2;0
3;0
4;0
5;11.11111111
6;44.44444444
7;77.77777778
8;191.6666667
9;219.4444444
10;144.4444444
11;147.2222222
12;344.4444444
13;372.2222222
14;344.4444444
15;327.7777778
16;347.2222222
17;172.2222222
18;83.33333333
19;22.22222222
20;0
21;0
22;0
23;0
24;0
1;0
2;0
3;0
4;0
5;22.22222222
6;100
7;291.6666667
8;461.1111111
9;594.4444444
10;680.5555556
11;769.4444444
12;691.6666667
13;775
14;727.7777778
15;627.7777778
16;475
17;305.5555556
18;147.2222222
19;38.88888889
20;0
21;0
22;0
23;0
24;0
1;0
2;0
3;0
4;0
5;25
6;144.4444444
7;311.1111111
8;477.7777778
9;630.5555556
10;694.4444444
11;783.3333333
12;777.7777778
13;786.1111111
14;697.2222222
15;358.3333333
16;294.4444444
17;58.33333333
18;86.11111111
19;44.44444444
20;0
21;0
22;0
23;0
24;0
1;0
2;0
3;0
4;0
5;16.66666667
6;116.6666667
7;305.5555556
8;475
9;613.8888889
10;730.5555556
11;830.5555556
12;638.8888889
13;369.4444444
14;408.3333333
15;263.8888889
16;133.3333333
17;122.2222222
18;158.3333333
19;38.88888889
20;0
21;0
22;0
23;0
24;0
1;0
2;0
3;0
4;0
5;25
6;144.4444444
7;302.7777778
8;455.5555556
9;597.2222222
10;686.1111111
11;772.2222222
12;805.5555556
13;766.6666667
14;758.3333333
15;583.3333333
16;397.2222222
17;269.4444444
18;127.7777778
19;33.33333333
20;0
21;0
22;0
23;0
24;0
1;0
2;0
3;0
4;0
5;33.33333333
6;108.3333333
7;272.2222222
8;377.7777778
9;536.1111111
10;622.2222222
11;547.2222222
12;458.3333333
13;347.2222222
14;461.1111111
15;230.5555556
16;111.1111111
17;86.11111111
18;44.44444444
19;5.555555556
20;0
21;0
22;0
23;0
24;0
1;0
2;0
3;0
4;0
5;5.555555556
6;25
7;147.2222222
8;269.4444444
9;463.8888889
10;594.4444444
11;755.5555556
12;519.4444444
13;161.1111111
14;230.5555556
15;222.2222222
16;175
17;202.7777778
18;77.77777778
19;8.333333333
20;8.333333333
21;0
22;0
23;0
24;0
1;0
2;0
3;0
4;0
5;8.333333333
6;83.33333333
7;255.5555556
8;294.4444444
9;483.3333333
10;702.7777778
11;900
12;897.2222222
13;838.8888889
14;636.1111111
15;436.1111111
16;408.3333333
17;311.1111111
18;119.4444444
19;66.66666667
20;0
21;0
22;0
23;0
24;0
1;0
2;0
3;0
4;0
5;5.555555556
6;50
7;122.2222222
8;152.7777778
9;211.1111111
10;150
11;172.2222222
12;86.11111111
13;172.2222222
14;383.3333333
15;161.1111111
16;150
17;119.4444444
18;41.66666667
19;22.22222222
20;0
21;0
22;0
23;0
24;0
1;0
2;0
3;0
4;0
5;13.88888889
6;33.33333333
7;61.11111111
8;63.88888889
9;55.55555556
10;97.22222222
11;111.1111111
12;372.2222222
13;261.1111111
14;622.2222222
15;202.7777778
16;233.3333333
17;172.2222222
18;94.44444444
19;8.333333333
20;0
21;0
22;0
23;0
24;0
1;0
2;0
3;0
4;0
5;13.88888889
6;19.44444444
7;94.44444444
8;333.3333333
9;438.8888889
10;458.3333333
11;413.8888889
12;475
13;433.3333333
14;297.2222222
15;144.4444444
16;177.7777778
17;191.6666667
18;105.5555556
19;44.44444444
20;0
21;0
22;0
23;0
24;0
1;0
2;0
3;0
4;0
5;5.555555556
6;22.22222222
7;58.33333333
8;108.3333333
9;191.6666667
10;247.2222222
11;166.6666667
12;283.3333333
13;186.1111111
14;208.3333333
15;233.3333333
16;158.3333333
17;247.2222222
18;94.44444444
19;44.44444444
20;2.777777778
21;0
22;0
23;0
24;0
1;0
2;0
3;0
4;2.777777778
5;25
6;141.6666667
7;227.7777778
8;263.8888889
9;291.6666667
10;344.4444444
11;363.8888889
12;455.5555556
13;294.4444444
14;100
15;83.33333333
16;88.88888889
17;105.5555556
18;77.77777778
19;22.22222222
20;0
21;0
22;0
23;0
24;0
1;0
2;0
3;0
4;0
5;22.22222222
6;77.77777778
7;116.6666667
8;125
9;125
10;266.6666667
11;258.3333333
12;338.8888889
13;611.1111111
14;766.6666667
15;636.1111111
16;450
17;269.4444444
18;147.2222222
19;77.77777778
20;2.777777778
21;0
22;0
23;0
24;0
1;0
2;0
3;0
4;0
5;27.77777778
6;72.22222222
7;102.7777778
8;102.7777778
9;138.8888889
10;141.6666667
11;72.22222222
12;66.66666667
13;63.88888889
14;113.8888889
15;61.11111111
16;72.22222222
17;27.77777778
18;27.77777778
19;11.11111111
20;0
21;0
22;0
23;0
24;0
1;0
2;0
3;0
4;0
5;8.333333333
6;33.33333333
7;36.11111111
8;58.33333333
9;102.7777778
10;127.7777778
11;116.6666667
12;72.22222222
13;83.33333333
14;88.88888889
15;41.66666667
16;27.77777778
17;22.22222222
18;22.22222222
19;11.11111111
20;0
21;0
22;0
23;0
24;0
1;0
2;0
3;0
4;0
5;8.333333333
6;38.88888889
7;44.44444444
8;58.33333333
9;80.55555556
10;69.44444444
11;200
12;141.6666667
13;163.8888889
14;213.8888889
15;316.6666667
16;88.88888889
17;105.5555556
18;75
19;22.22222222
20;2.777777778
21;0
22;0
23;0
24;0
1;0
2;0
3;0
4;2.777777778
5;55.55555556
6;186.1111111
7;352.7777778
8;513.8888889
9;675
10;772.2222222
11;805.5555556
12;497.2222222
13;336.1111111
14;377.7777778
15;272.2222222
16;186.1111111
17;111.1111111
18;41.66666667
19;13.88888889
20;0
21;0
22;0
23;0
24;0
1;0
2;0
3;0
4;0
5;5.555555556
6;22.22222222
7;38.88888889
8;88.88888889
9;100
10;119.4444444
11;138.8888889
12;116.6666667
13;77.77777778
14;88.88888889
15;77.77777778
16;91.66666667
17;47.22222222
18;27.77777778
19;8.333333333
20;0
21;0
22;0
23;0
24;0
1;0
2;0
3;0
4;0
5;5.555555556
6;25
7;47.22222222
8;63.88888889
9;108.3333333
10;116.6666667
11;83.33333333
12;88.88888889
13;72.22222222
14;55.55555556
15;61.11111111
16;41.66666667
17;38.88888889
18;19.44444444
19;8.333333333
20;0
21;0
22;0
23;0
24;0
1;0
2;0
3;0
4;0
5;11.11111111
6;33.33333333
7;61.11111111
8;136.1111111
9;261.1111111
10;213.8888889
11;305.5555556
12;116.6666667
13;311.1111111
14;330.5555556
15;330.5555556
16;222.2222222
17;150
18;213.8888889
19;86.11111111
20;5.555555556
21;0
22;0
23;0
24;0
1;0
2;0
3;0
4;0
5;11.11111111
6;61.11111111
7;102.7777778
8;119.4444444
9;427.7777778
10;50
11;408.3333333
12;330.5555556
13;625
14;508.3333333
15;430.5555556
16;533.3333333
17;363.8888889
18;225
19;94.44444444
20;5.555555556
21;0
22;0
23;0
24;0
1;0
2;0
3;0
4;2.777777778
5;50
6;166.6666667
7;230.5555556
8;413.8888889
9;691.6666667
10;836.1111111
11;583.3333333
12;625
13;211.1111111
14;500
15;327.7777778
16;463.8888889
17;197.2222222
18;175
19;69.44444444
20;5.555555556
21;0
22;0
23;0
24;0
1;0
2;0
3;0
4;2.777777778
5;41.66666667
6;125
7;291.6666667
8;383.3333333
9;497.2222222
10;675
11;597.2222222
12;758.3333333
13;563.8888889
14;572.2222222
15;413.8888889
16;261.1111111
17;122.2222222
18;22.22222222
19;5.555555556
20;0
21;0
22;0
23;0
24;0
1;0
2;0
3;0
4;0
5;13.88888889
6;47.22222222
7;97.22222222
8;205.5555556
9;294.4444444
10;369.4444444
11;341.6666667
12;355.5555556
13;402.7777778
14;236.1111111
15;333.3333333
16;405.5555556
17;319.4444444
18;186.1111111
19;77.77777778
20;13.88888889
21;0
22;0
23;0
24;0
1;0
2;0
3;0
4;8.333333333
5;80.55555556
6;227.7777778
7;394.4444444
8;550
9;683.3333333
10;786.1111111
11;788.8888889
12;822.2222222
13;650
14;713.8888889
15;616.6666667
16;522.2222222
17;416.6666667
18;233.3333333
19;91.66666667
20;11.11111111
21;0
22;0
23;0
24;0
1;0
2;0
3;0
4;5.555555556
5;38.88888889
6;208.3333333
7;372.2222222
8;527.7777778
9;663.8888889
10;772.2222222
11;755.5555556
12;677.7777778
13;813.8888889
14;755.5555556
15;577.7777778
16;477.7777778
17;388.8888889
18;211.1111111
19;55.55555556
20;2.777777778
21;0
22;0
23;0
24;0
1;0
2;0
3;0
4;2.777777778
5;22.22222222
6;44.44444444
7;44.44444444
8;36.11111111
9;88.88888889
10;127.7777778
11;88.88888889
12;63.88888889
13;66.66666667
14;116.6666667
15;130.5555556
16;66.66666667
17;133.3333333
18;69.44444444
19;30.55555556
20;2.777777778
21;0
22;0
23;0
24;0
1;0
2;0
3;0
4;0
5;13.88888889
6;52.77777778
7;108.3333333
8;161.1111111
9;152.7777778
10;261.1111111
11;344.4444444
12;316.6666667
13;463.8888889
14;658.3333333
15;263.8888889
16;141.6666667
17;105.5555556
18;130.5555556
19;52.77777778
20;11.11111111
21;0
22;0
23;0
24;0
1;0
2;0
3;0
4;0
5;19.44444444
6;100
7;419.4444444
8;500
9;594.4444444
10;758.3333333
11;730.5555556
12;858.3333333
13;847.2222222
14;780.5555556
15;652.7777778
16;519.4444444
17;391.6666667
18;200
19;105.5555556
20;22.22222222
21;0
22;0
23;0
24;0
1;0
2;0
3;0
4;0
5;13.88888889
6;38.88888889
7;72.22222222
8;88.88888889
9;108.3333333
10;113.8888889
11;138.8888889
12;555.5555556
13;691.6666667
14;597.2222222
15;427.7777778
16;194.4444444
17;105.5555556
18;205.5555556
19;108.3333333
20;13.88888889
21;0
22;0
23;0
24;0
1;0
2;0
3;0
4;11.11111111
5;91.66666667
6;236.1111111
7;400
8;558.3333333
9;697.2222222
10;802.7777778
11;869.4444444
12;761.1111111
13;680.5555556
14;658.3333333
15;483.3333333
16;575
17;430.5555556
18;258.3333333
19;102.7777778
20;13.88888889
21;0
22;0
23;0
24;0
1;0
2;0
3;0
4;2.777777778
5;38.88888889
6;91.66666667
7;180.5555556
8;208.3333333
9;252.7777778
10;225
11;272.2222222
12;405.5555556
13;438.8888889
14;497.2222222
15;477.7777778
16;438.8888889
17;333.3333333
18;202.7777778
19;91.66666667
20;16.66666667
21;0
22;0
23;0
24;0
1;0
2;0
3;0
4;8.333333333
5;58.33333333
6;133.3333333
7;311.1111111
8;391.6666667
9;611.1111111
10;800
11;863.8888889
12;886.1111111
13;883.3333333
14;763.8888889
15;702.7777778
16;555.5555556
17;419.4444444
18;263.8888889
19;122.2222222
20;22.22222222
21;0
22;0
23;0
24;0
1;0
2;0
3;0
4;8.333333333
5;88.88888889
6;236.1111111
7;394.4444444
8;544.4444444
9;680.5555556
10;788.8888889
11;700
12;663.8888889
13;591.6666667
14;536.1111111
15;452.7777778
16;547.2222222
17;394.4444444
18;219.4444444
19;105.5555556
20;25
21;0
22;0
23;0
24;0
1;0
2;0
3;0
4;5.555555556
5;47.22222222
6;208.3333333
7;377.7777778
8;522.2222222
9;652.7777778
10;769.4444444
11;827.7777778
12;861.1111111
13;844.4444444
14;722.2222222
15;680.5555556
16;541.6666667
17;363.8888889
18;194.4444444
19;102.7777778
20;19.44444444
21;0
22;0
23;0
24;0
1;0
2;0
3;0
4;8.333333333
5;80.55555556
6;219.4444444
7;377.7777778
8;536.1111111
9;669.4444444
10;780.5555556
11;855.5555556
12;883.3333333
13;841.6666667
14;775
15;688.8888889
16;552.7777778
17;400
18;244.4444444
19;108.3333333
20;19.44444444
21;0
22;0
23;0
24;0
1;0
2;0
3;0
4;5.555555556
5;72.22222222
6;175
7;355.5555556
8;522.2222222
9;661.1111111
10;763.8888889
11;830.5555556
12;855.5555556
13;836.1111111
14;777.7777778
15;650
16;530.5555556
17;397.2222222
18;247.2222222
19;108.3333333
20;19.44444444
21;0
22;0
23;0
24;0
1;0
2;0
3;0
4;2.777777778
5;22.22222222
6;52.77777778
7;100
8;155.5555556
9;225
10;283.3333333
11;352.7777778
12;513.8888889
13;655.5555556
14;672.2222222
15;661.1111111
16;541.6666667
17;405.5555556
18;266.6666667
19;122.2222222
20;25
21;0
22;0
23;0
24;0
1;0
2;0
3;0
4;5.555555556
5;36.11111111
6;75
7;88.88888889
8;100
9;116.6666667
10;302.7777778
11;288.8888889
12;433.3333333
13;755.5555556
14;752.7777778
15;677.7777778
16;505.5555556
17;430.5555556
18;291.6666667
19;122.2222222
20;13.88888889
21;0
22;0
23;0
24;0
1;0
2;0
3;0
4;5.555555556
5;44.44444444
6;108.3333333
7;183.3333333
8;288.8888889
9;458.3333333
10;672.2222222
11;644.4444444
12;522.2222222
13;644.4444444
14;594.4444444
15;441.6666667
16;394.4444444
17;261.1111111
18;75
19;33.33333333
20;2.777777778
21;0
22;0
23;0
24;0
1;0
2;0
3;0
4;8.333333333
5;55.55555556
6;113.8888889
7;150
8;269.4444444
9;322.2222222
10;208.3333333
11;108.3333333
12;169.4444444
13;255.5555556
14;300
15;450
16;188.8888889
17;91.66666667
18;38.88888889
19;25
20;0
21;0
22;0
23;0
24;0
1;0
2;0
3;0
4;0
5;11.11111111
6;38.88888889
7;166.6666667
8;122.2222222
9;277.7777778
10;366.6666667
11;380.5555556
12;341.6666667
13;258.3333333
14;147.2222222
15;116.6666667
16;150
17;127.7777778
18;72.22222222
19;47.22222222
20;22.22222222
21;0
22;0
23;0
24;0
1;0
2;0
3;0
4;5.555555556
5;61.11111111
6;125
7;133.3333333
8;250
9;383.3333333
10;475
11;761.1111111
12;661.1111111
13;488.8888889
14;636.1111111
15;577.7777778
16;363.8888889
17;252.7777778
18;150
19;111.1111111
20;19.44444444
21;0
22;0
23;0
24;0
1;0
2;0
3;0
4;13.88888889
5;44.44444444
6;191.6666667
7;208.3333333
8;308.3333333
9;111.1111111
10;541.6666667
11;880.5555556
12;741.6666667
13;677.7777778
14;702.7777778
15;600
16;397.2222222
17;319.4444444
18;266.6666667
19;100
20;5.555555556
21;0
22;0
23;0
24;0
1;0
2;0
3;0
4;8.333333333
5;63.88888889
6;144.4444444
7;308.3333333
8;477.7777778
9;600
10;655.5555556
11;469.4444444
12;766.6666667
13;505.5555556
14;533.3333333
15;294.4444444
16;247.2222222
17;188.8888889
18;69.44444444
19;52.77777778
20;13.88888889
21;0
22;0
23;0
24;0
1;0
2;0
3;0
4;13.88888889
5;75
6;200
7;372.2222222
8;533.3333333
9;677.7777778
10;713.8888889
11;727.7777778
12;333.3333333
13;225
14;255.5555556
15;455.5555556
16;427.7777778
17;388.8888889
18;161.1111111
19;58.33333333
20;11.11111111
21;0
22;0
23;0
24;0
1;0
2;0
3;0
4;8.333333333
5;75
6;202.7777778
7;380.5555556
8;436.1111111
9;572.2222222
10;688.8888889
11;680.5555556
12;775
13;744.4444444
14;719.4444444
15;494.4444444
16;236.1111111
17;116.6666667
18;94.44444444
19;119.4444444
20;16.66666667
21;0
22;0
23;0
24;0
1;0
2;0
3;0
4;8.333333333
5;66.66666667
6;94.44444444
7;55.55555556
8;66.66666667
9;116.6666667
10;225
11;597.2222222
12;761.1111111
13;730.5555556
14;477.7777778
15;263.8888889
16;291.6666667
17;155.5555556
18;113.8888889
19;58.33333333
20;13.88888889
21;0
22;0
23;0
24;0
1;0
2;0
3;0
4;2.777777778
5;41.66666667
6;75
7;138.8888889
8;200
9;202.7777778
10;208.3333333
11;366.6666667
12;316.6666667
13;97.22222222
14;27.77777778
15;72.22222222
16;244.4444444
17;258.3333333
18;191.6666667
19;50
20;13.88888889
21;0
22;0
23;0
24;0
1;0
2;0
3;0
4;0
5;8.333333333
6;66.66666667
7;102.7777778
8;25
9;111.1111111
10;102.7777778
11;163.8888889
12;125
13;141.6666667
14;147.2222222
15;97.22222222
16;66.66666667
17;69.44444444
18;38.88888889
19;19.44444444
20;5.555555556
21;0
22;0
23;0
24;0
1;0
2;0
3;0
4;5.555555556
5;50
6;219.4444444
7;400
8;425
9;311.1111111
10;350
11;180.5555556
12;202.7777778
13;236.1111111
14;194.4444444
15;144.4444444
16;97.22222222
17;66.66666667
18;63.88888889
19;19.44444444
20;8.333333333
21;0
22;0
23;0
24;0
1;0
2;0
3;0
4;0
5;19.44444444
6;33.33333333
7;69.44444444
8;108.3333333
9;163.8888889
10;200
11;327.7777778
12;366.6666667
13;380.5555556
14;480.5555556
15;325
16;288.8888889
17;175
18;66.66666667
19;58.33333333
20;13.88888889
21;0
22;0
23;0
24;0
1;0
2;0
3;0
4;0
5;8.333333333
6;27.77777778
7;86.11111111
8;127.7777778
9;163.8888889
10;322.2222222
11;447.2222222
12;513.8888889
13;486.1111111
14;336.1111111
15;330.5555556
16;333.3333333
17;186.1111111
18;94.44444444
19;38.88888889
20;8.333333333
21;0
22;0
23;0
24;0
1;0
2;0
3;0
4;5.555555556
5;30.55555556
6;97.22222222
7;205.5555556
8;400
9;627.7777778
10;508.3333333
11;608.3333333
12;519.4444444
13;305.5555556
14;163.8888889
15;247.2222222
16;102.7777778
17;88.88888889
18;225
19;127.7777778
20;30.55555556
21;0
22;0
23;0
24;0
1;0
2;0
3;0
4;5.555555556
5;75
6;202.7777778
7;355.5555556
8;469.4444444
9;633.3333333
10;577.7777778
11;444.4444444
12;413.8888889
13;377.7777778
14;438.8888889
15;361.1111111
16;402.7777778
17;155.5555556
18;105.5555556
19;63.88888889
20;5.555555556
21;0
22;0
23;0
24;0
1;0
2;0
3;0
4;8.333333333
5;86.11111111
6;219.4444444
7;288.8888889
8;241.6666667
9;177.7777778
10;205.5555556
11;369.4444444
12;355.5555556
13;358.3333333
14;400
15;336.1111111
16;177.7777778
17;113.8888889
18;141.6666667
19;52.77777778
20;8.333333333
21;0
22;0
23;0
24;0
1;0
2;0
3;0
4;2.777777778
5;25
6;25
7;38.88888889
8;44.44444444
9;63.88888889
10;80.55555556
11;138.8888889
12;197.2222222
13;316.6666667
14;219.4444444
15;422.2222222
16;286.1111111
17;191.6666667
18;105.5555556
19;38.88888889
20;2.777777778
21;0
22;0
23;0
24;0
1;0
2;0
3;0
4;2.777777778
5;13.88888889
6;38.88888889
7;144.4444444
8;375
9;311.1111111
10;408.3333333
11;680.5555556
12;813.8888889
13;475
14;361.1111111
15;247.2222222
16;330.5555556
17;227.7777778
18;155.5555556
19;69.44444444
20;25
21;0
22;0
23;0
24;0
1;0
2;0
3;0
4;0
5;22.22222222
6;113.8888889
7;233.3333333
8;186.1111111
9;205.5555556
10;333.3333333
11;825
12;688.8888889
13;697.2222222
14;647.2222222
15;336.1111111
16;300
17;230.5555556
18;161.1111111
19;97.22222222
20;33.33333333
21;0
22;0
23;0
24;0
1;0
2;0
3;0
4;2.777777778
5;41.66666667
6;144.4444444
7;158.3333333
8;213.8888889
9;394.4444444
10;386.1111111
11;452.7777778
12;216.6666667
13;436.1111111
14;413.8888889
15;411.1111111
16;419.4444444
17;222.2222222
18;191.6666667
19;138.8888889
20;27.77777778
21;0
22;0
23;0
24;0
1;0
2;0
3;0
4;5.555555556
5;61.11111111
6;136.1111111
7;347.2222222
8;400
9;383.3333333
10;616.6666667
11;791.6666667
12;755.5555556
13;550
14;347.2222222
15;352.7777778
16;230.5555556
17;108.3333333
18;72.22222222
19;61.11111111
20;8.333333333
21;0
22;0
23;0
24;0
1;0
2;0
3;0
4;2.777777778
5;52.77777778
6;88.88888889
7;66.66666667
8;177.7777778
9;213.8888889
10;233.3333333
11;480.5555556
12;294.4444444
13;369.4444444
14;183.3333333
15;113.8888889
16;186.1111111
17;88.88888889
18;88.88888889
19;19.44444444
20;2.777777778
21;0
22;0
23;0
24;0
1;0
2;0
3;0
4;2.777777778
5;11.11111111
6;47.22222222
7;133.3333333
8;283.3333333
9;619.4444444
10;516.6666667
11;805.5555556
12;658.3333333
13;733.3333333
14;369.4444444
15;402.7777778
16;213.8888889
17;91.66666667
18;44.44444444
19;13.88888889
20;5.555555556
21;0
22;0
23;0
24;0
1;0
2;0
3;0
4;0
5;13.88888889
6;33.33333333
7;77.77777778
8;122.2222222
9;166.6666667
10;336.1111111
11;713.8888889
12;725
13;613.8888889
14;444.4444444
15;680.5555556
16;536.1111111
17;372.2222222
18;241.6666667
19;105.5555556
20;22.22222222
21;0
22;0
23;0
24;0
1;0
2;0
3;0
4;5.555555556
5;63.88888889
6;186.1111111
7;338.8888889
8;491.6666667
9;636.1111111
10;750
11;716.6666667
12;627.7777778
13;633.3333333
14;677.7777778
15;663.8888889
16;477.7777778
17;397.2222222
18;250
19;116.6666667
20;22.22222222
21;0
22;0
23;0
24;0
1;0
2;0
3;0
4;5.555555556
5;69.44444444
6;202.7777778
7;355.5555556
8;508.3333333
9;647.2222222
10;752.7777778
11;830.5555556
12;855.5555556
13;833.3333333
14;786.1111111
15;691.6666667
16;569.4444444
17;430.5555556
18;266.6666667
19;127.7777778
20;25
21;0
22;0
23;0
24;0
1;0
2;0
3;0
4;5.555555556
5;61.11111111
6;194.4444444
7;344.4444444
8;494.4444444
9;636.1111111
10;741.6666667
11;816.6666667
12;850
13;830.5555556
14;775
15;677.7777778
16;555.5555556
17;411.1111111
18;255.5555556
19;119.4444444
20;22.22222222
21;0
22;0
23;0
24;0
1;0
2;0
3;0
4;5.555555556
5;52.77777778
6;202.7777778
7;361.1111111
8;538.8888889
9;655.5555556
10;752.7777778
11;825
12;847.2222222
13;822.2222222
14;775
15;675
16;552.7777778
17;408.3333333
18;250
19;108.3333333
20;16.66666667
21;0
22;0
23;0
24;0
1;0
2;0
3;0
4;5.555555556
5;66.66666667
6;188.8888889
7;338.8888889
8;216.6666667
9;55.55555556
10;200
11;288.8888889
12;608.3333333
13;775
14;769.4444444
15;394.4444444
16;222.2222222
17;105.5555556
18;83.33333333
19;30.55555556
20;5.555555556
21;0
22;0
23;0
24;0
1;0
2;0
3;0
4;2.777777778
5;30.55555556
6;66.66666667
7;88.88888889
8;161.1111111
9;191.6666667
10;233.3333333
11;252.7777778
12;294.4444444
13;344.4444444
14;338.8888889
15;322.2222222
16;241.6666667
17;294.4444444
18;111.1111111
19;58.33333333
20;16.66666667
21;0
22;0
23;0
24;0
1;0
2;0
3;0
4;2.777777778
5;33.33333333
6;100
7;77.77777778
8;161.1111111
9;163.8888889
10;183.3333333
11;169.4444444
12;183.3333333
13;416.6666667
14;430.5555556
15;361.1111111
16;438.8888889
17;430.5555556
18;280.5555556
19;80.55555556
20;13.88888889
21;0
22;0
23;0
24;0
1;0
2;0
3;0
4;0
5;19.44444444
6;63.88888889
7;161.1111111
8;255.5555556
9;363.8888889
10;544.4444444
11;805.5555556
12;819.4444444
13;788.8888889
14;600
15;475
16;416.6666667
17;369.4444444
18;261.1111111
19;105.5555556
20;19.44444444
21;0
22;0
23;0
24;0
1;0
2;0
3;0
4;0
5;16.66666667
6;44.44444444
7;80.55555556
8;163.8888889
9;188.8888889
10;158.3333333
11;244.4444444
12;619.4444444
13;725
14;677.7777778
15;511.1111111
16;430.5555556
17;369.4444444
18;169.4444444
19;75
20;13.88888889
21;0
22;0
23;0
24;0
1;0
2;0
3;0
4;0
5;41.66666667
6;177.7777778
7;316.6666667
8;444.4444444
9;625
10;752.7777778
11;827.7777778
12;850
13;850
14;783.3333333
15;672.2222222
16;544.4444444
17;397.2222222
18;247.2222222
19;105.5555556
20;13.88888889
21;0
22;0
23;0
24;0
1;0
2;0
3;0
4;2.777777778
5;44.44444444
6;141.6666667
7;280.5555556
8;441.6666667
9;575
10;691.6666667
11;733.3333333
12;597.2222222
13;669.4444444
14;683.3333333
15;575
16;383.3333333
17;222.2222222
18;111.1111111
19;52.77777778
20;11.11111111
21;0
22;0
23;0
24;0
1;0
2;0
3;0
4;2.777777778
5;33.33333333
6;91.66666667
7;233.3333333
8;336.1111111
9;402.7777778
10;447.2222222
11;580.5555556
12;672.2222222
13;658.3333333
14;605.5555556
15;580.5555556
16;375
17;227.7777778
18;147.2222222
19;108.3333333
20;22.22222222
21;0
22;0
23;0
24;0
1;0
2;0
3;0
4;2.777777778
5;55.55555556
6;172.2222222
7;327.7777778
8;483.3333333
9;622.2222222
10;736.1111111
11;811.1111111
12;838.8888889
13;825
14;763.8888889
15;669.4444444
16;547.2222222
17;405.5555556
18;247.2222222
19;108.3333333
20;16.66666667
21;0
22;0
23;0
24;0
1;0
2;0
3;0
4;2.777777778
5;58.33333333
6;177.7777778
7;336.1111111
8;486.1111111
9;625
10;772.2222222
11;741.6666667
12;788.8888889
13;597.2222222
14;769.4444444
15;586.1111111
16;550
17;408.3333333
18;252.7777778
19;108.3333333
20;16.66666667
21;0
22;0
23;0
24;0
1;0
2;0
3;0
4;0
5;11.11111111
6;25
7;44.44444444
8;86.11111111
9;233.3333333
10;247.2222222
11;283.3333333
12;397.2222222
13;297.2222222
14;316.6666667
15;400
16;505.5555556
17;397.2222222
18;241.6666667
19;102.7777778
20;13.88888889
21;0
22;0
23;0
24;0
1;0
2;0
3;0
4;2.777777778
5;52.77777778
6;169.4444444
7;330.5555556
8;488.8888889
9;630.5555556
10;738.8888889
11;811.1111111
12;833.3333333
13;819.4444444
14;747.2222222
15;661.1111111
16;541.6666667
17;394.4444444
18;238.8888889
19;69.44444444
20;5.555555556
21;0
22;0
23;0
24;0
1;0
2;0
3;0
4;2.777777778
5;41.66666667
6;158.3333333
7;294.4444444
8;438.8888889
9;588.8888889
10;688.8888889
11;775
12;591.6666667
13;786.1111111
14;750
15;616.6666667
16;402.7777778
17;280.5555556
18;177.7777778
19;91.66666667
20;8.333333333
21;0
22;0
23;0
24;0
1;0
2;0
3;0
4;0
5;36.11111111
6;158.3333333
7;261.1111111
8;372.2222222
9;569.4444444
10;683.3333333
11;763.8888889
12;794.4444444
13;775
14;708.3333333
15;638.8888889
16;411.1111111
17;316.6666667
18;172.2222222
19;55.55555556
20;8.333333333
21;0
22;0
23;0
24;0
1;0
2;0
3;0
4;0
5;25
6;66.66666667
7;191.6666667
8;180.5555556
9;169.4444444
10;238.8888889
11;341.6666667
12;580.5555556
13;541.6666667
14;433.3333333
15;594.4444444
16;530.5555556
17;375
18;225
19;88.88888889
20;8.333333333
21;0
22;0
23;0
24;0
1;0
2;0
3;0
4;0
5;41.66666667
6;88.88888889
7;311.1111111
8;425
9;358.3333333
10;444.4444444
11;583.3333333
12;805.5555556
13;677.7777778
14;455.5555556
15;497.2222222
16;419.4444444
17;341.6666667
18;213.8888889
19;91.66666667
20;13.88888889
21;0
22;0
23;0
24;0
1;0
2;0
3;0
4;0
5;27.77777778
6;77.77777778
7;127.7777778
8;208.3333333
9;191.6666667
10;91.66666667
11;247.2222222
12;294.4444444
13;372.2222222
14;519.4444444
15;569.4444444
16;372.2222222
17;250
18;119.4444444
19;52.77777778
20;13.88888889
21;0
22;0
23;0
24;0
1;0
2;0
3;0
4;0
5;41.66666667
6;116.6666667
7;247.2222222
8;294.4444444
9;236.1111111
10;66.66666667
11;91.66666667
12;341.6666667
13;569.4444444
14;452.7777778
15;402.7777778
16;477.7777778
17;280.5555556
18;147.2222222
19;55.55555556
20;2.777777778
21;0
22;0
23;0
24;0
1;0
2;0
3;0
4;0
5;5.555555556
6;44.44444444
7;102.7777778
8;325
9;547.2222222
10;380.5555556
11;450
12;552.7777778
13;533.3333333
14;488.8888889
15;480.5555556
16;347.2222222
17;327.7777778
18;236.1111111
19;75
20;8.333333333
21;0
22;0
23;0
24;0
1;0
2;0
3;0
4;0
5;27.77777778
6;66.66666667
7;138.8888889
8;269.4444444
9;455.5555556
10;430.5555556
11;575
12;638.8888889
13;725
14;730.5555556
15;580.5555556
16;486.1111111
17;358.3333333
18;205.5555556
19;77.77777778
20;8.333333333
21;0
22;0
23;0
24;0
1;0
2;0
3;0
4;0
5;36.11111111
6;141.6666667
7;163.8888889
8;205.5555556
9;330.5555556
10;369.4444444
11;388.8888889
12;444.4444444
13;316.6666667
14;280.5555556
15;197.2222222
16;219.4444444
17;119.4444444
18;44.44444444
19;11.11111111
20;0
21;0
22;0
23;0
24;0
1;0
2;0
3;0
4;0
5;5.555555556
6;47.22222222
7;183.3333333
8;297.2222222
9;300
10;572.2222222
11;611.1111111
12;469.4444444
13;369.4444444
14;158.3333333
15;61.11111111
16;102.7777778
17;125
18;91.66666667
19;22.22222222
20;0
21;0
22;0
23;0
24;0
1;0
2;0
3;0
4;0
5;22.22222222
6;147.2222222
7;294.4444444
8;447.2222222
9;583.3333333
10;694.4444444
11;772.2222222
12;805.5555556
13;800
14;738.8888889
15;641.6666667
16;519.4444444
17;372.2222222
18;213.8888889
19;69.44444444
20;5.555555556
21;0
22;0
23;0
24;0
1;0
2;0
3;0
4;0
5;33.33333333
6;144.4444444
7;288.8888889
8;433.3333333
9;563.8888889
10;680.5555556
11;752.7777778
12;791.6666667
13;766.6666667
14;644.4444444
15;550
16;227.7777778
17;247.2222222
18;188.8888889
19;61.11111111
20;2.777777778
21;0
22;0
23;0
24;0
1;0
2;0
3;0
4;0
5;8.333333333
6;58.33333333
7;166.6666667
8;380.5555556
9;580.5555556
10;438.8888889
11;511.1111111
12;513.8888889
13;572.2222222
14;558.3333333
15;469.4444444
16;530.5555556
17;341.6666667
18;161.1111111
19;66.66666667
20;2.777777778
21;0
22;0
23;0
24;0
1;0
2;0
3;0
4;0
5;13.88888889
6;108.3333333
7;288.8888889
8;444.4444444
9;575
10;686.1111111
11;736.1111111
12;772.2222222
13;658.3333333
14;552.7777778
15;280.5555556
16;425
17;322.2222222
18;188.8888889
19;41.66666667
20;0
21;0
22;0
23;0
24;0
1;0
2;0
3;0
4;0
5;22.22222222
6;133.3333333
7;280.5555556
8;436.1111111
9;580.5555556
10;691.6666667
11;769.4444444
12;711.1111111
13;613.8888889
14;636.1111111
15;522.2222222
16;408.3333333
17;175
18;50
19;13.88888889
20;2.777777778
21;0
22;0
23;0
24;0
1;0
2;0
3;0
4;0
5;8.333333333
6;50
7;233.3333333
8;133.3333333
9;213.8888889
10;633.3333333
11;500
12;761.1111111
13;405.5555556
14;269.4444444
15;380.5555556
16;358.3333333
17;319.4444444
18;161.1111111
19;44.44444444
20;0
21;0
22;0
23;0
24;0
1;0
2;0
3;0
4;0
5;30.55555556
6;58.33333333
7;194.4444444
8;172.2222222
9;102.7777778
10;133.3333333
11;100
12;72.22222222
13;97.22222222
14;130.5555556
15;86.11111111
16;69.44444444
17;41.66666667
18;50
19;38.88888889
20;0
21;0
22;0
23;0
24;0
1;0
2;0
3;0
4;0
5;8.333333333
6;75
7;297.2222222
8;483.3333333
9;577.7777778
10;691.6666667
11;744.4444444
12;763.8888889
13;813.8888889
14;763.8888889
15;422.2222222
16;363.8888889
17;355.5555556
18;161.1111111
19;30.55555556
20;2.777777778
21;0
22;0
23;0
24;0
1;0
2;0
3;0
4;0
5;13.88888889
6;147.2222222
7;141.6666667
8;352.7777778
9;436.1111111
10;633.3333333
11;388.8888889
12;583.3333333
13;619.4444444
14;594.4444444
15;294.4444444
16;61.11111111
17;197.2222222
18;88.88888889
19;36.11111111
20;0
21;0
22;0
23;0
24;0
1;0
2;0
3;0
4;0
5;5.555555556
6;27.77777778
7;77.77777778
8;197.2222222
9;408.3333333
10;561.1111111
11;261.1111111
12;288.8888889
13;491.6666667
14;358.3333333
15;263.8888889
16;530.5555556
17;183.3333333
18;136.1111111
19;36.11111111
20;0
21;0
22;0
23;0
24;0
1;0
2;0
3;0
4;0
5;8.333333333
6;108.3333333
7;236.1111111
8;261.1111111
9;336.1111111
10;452.7777778
11;388.8888889
12;388.8888889
13;469.4444444
14;550
15;388.8888889
16;280.5555556
17;277.7777778
18;166.6666667
19;27.77777778
20;0
21;0
22;0
23;0
24;0
1;0
2;0
3;0
4;0
5;8.333333333
6;50
7;147.2222222
8;244.4444444
9;250
10;330.5555556
11;355.5555556
12;377.7777778
13;397.2222222
14;463.8888889
15;350
16;466.6666667
17;333.3333333
18;141.6666667
19;41.66666667
20;0
21;0
22;0
23;0
24;0
1;0
2;0
3;0
4;0
5;8.333333333
6;111.1111111
7;186.1111111
8;352.7777778
9;308.3333333
10;383.3333333
11;586.1111111
12;650
13;652.7777778
14;697.2222222
15;361.1111111
16;327.7777778
17;386.1111111
18;172.2222222
19;41.66666667
20;0
21;0
22;0
23;0
24;0
1;0
2;0
3;0
4;0
5;5.555555556
6;91.66666667
7;166.6666667
8;394.4444444
9;327.7777778
10;416.6666667
11;400
12;491.6666667
13;491.6666667
14;538.8888889
15;658.3333333
16;447.2222222
17;311.1111111
18;102.7777778
19;22.22222222
20;0
21;0
22;0
23;0
24;0
1;0
2;0
3;0
4;0
5;11.11111111
6;100
7;183.3333333
8;400
9;469.4444444
10;191.6666667
11;102.7777778
12;161.1111111
13;194.4444444
14;372.2222222
15;327.7777778
16;272.2222222
17;150
18;69.44444444
19;27.77777778
20;0
21;0
22;0
23;0
24;0
1;0
2;0
3;0
4;0
5;5.555555556
6;91.66666667
7;216.6666667
8;330.5555556
9;372.2222222
10;586.1111111
11;608.3333333
12;677.7777778
13;436.1111111
14;538.8888889
15;202.7777778
16;30.55555556
17;16.66666667
18;8.333333333
19;2.777777778
20;0
21;0
22;0
23;0
24;0
1;0
2;0
3;0
4;0
5;2.777777778
6;50
7;172.2222222
8;222.2222222
9;350
10;619.4444444
11;680.5555556
12;675
13;411.1111111
14;563.8888889
15;450
16;302.7777778
17;108.3333333
18;38.88888889
19;8.333333333
20;0
21;0
22;0
23;0
24;0
1;0
2;0
3;0
4;0
5;0
6;11.11111111
7;27.77777778
8;72.22222222
9;127.7777778
10;341.6666667
11;483.3333333
12;661.1111111
13;611.1111111
14;608.3333333
15;536.1111111
16;452.7777778
17;277.7777778
18;141.6666667
19;16.66666667
20;0
21;0
22;0
23;0
24;0
1;0
2;0
3;0
4;0
5;0
6;13.88888889
7;108.3333333
8;127.7777778
9;158.3333333
10;175
11;605.5555556
12;586.1111111
13;658.3333333
14;641.6666667
15;583.3333333
16;305.5555556
17;244.4444444
18;147.2222222
19;25
20;0
21;0
22;0
23;0
24;0
1;0
2;0
3;0
4;0
5;5.555555556
6;44.44444444
7;163.8888889
8;322.2222222
9;266.6666667
10;394.4444444
11;286.1111111
12;361.1111111
13;377.7777778
14;327.7777778
15;350
16;238.8888889
17;152.7777778
18;127.7777778
19;19.44444444
20;0
21;0
22;0
23;0
24;0
1;0
2;0
3;0
4;0
5;5.555555556
6;52.77777778
7;197.2222222
8;322.2222222
9;463.8888889
10;525
11;625
12;688.8888889
13;472.2222222
14;325
15;266.6666667
16;455.5555556
17;219.4444444
18;108.3333333
19;16.66666667
20;0
21;0
22;0
23;0
24;0
1;0
2;0
3;0
4;0
5;5.555555556
6;58.33333333
7;205.5555556
8;350
9;344.4444444
10;352.7777778
11;350
12;255.5555556
13;191.6666667
14;247.2222222
15;238.8888889
16;150
17;100
18;50
19;8.333333333
20;0
21;0
22;0
23;0
24;0
1;0
2;0
3;0
4;0
5;2.777777778
6;94.44444444
7;216.6666667
8;344.4444444
9;488.8888889
10;605.5555556
11;677.7777778
12;713.8888889
13;608.3333333
14;683.3333333
15;425
16;361.1111111
17;266.6666667
18;97.22222222
19;16.66666667
20;0
21;0
22;0
23;0
24;0
1;0
2;0
3;0
4;0
5;2.777777778
6;38.88888889
7;161.1111111
8;233.3333333
9;372.2222222
10;352.7777778
11;450
12;483.3333333
13;388.8888889
14;430.5555556
15;200
16;102.7777778
17;52.77777778
18;11.11111111
19;0
20;0
21;0
22;0
23;0
24;0
1;0
2;0
3;0
4;0
5;0
6;22.22222222
7;44.44444444
8;41.66666667
9;144.4444444
10;202.7777778
11;163.8888889
12;138.8888889
13;333.3333333
14;591.6666667
15;430.5555556
16;213.8888889
17;75
18;83.33333333
19;8.333333333
20;0
21;0
22;0
23;0
24;0
1;0
2;0
3;0
4;0
5;2.777777778
6;66.66666667
7;205.5555556
8;322.2222222
9;363.8888889
10;652.7777778
11;736.1111111
12;719.4444444
13;736.1111111
14;669.4444444
15;494.4444444
16;411.1111111
17;269.4444444
18;97.22222222
19;11.11111111
20;0
21;0
22;0
23;0
24;0
1;0
2;0
3;0
4;0
5;2.777777778
6;61.11111111
7;180.5555556
8;288.8888889
9;466.6666667
10;619.4444444
11;694.4444444
12;725
13;636.1111111
14;597.2222222
15;422.2222222
16;258.3333333
17;219.4444444
18;94.44444444
19;8.333333333
20;0
21;0
22;0
23;0
24;0
1;0
2;0
3;0
4;0
5;0
6;19.44444444
7;58.33333333
8;250
9;350
10;566.6666667
11;591.6666667
12;575
13;416.6666667
14;500
15;175
16;227.7777778
17;255.5555556
18;113.8888889
19;5.555555556
20;0
21;0
22;0
23;0
24;0
1;0
2;0
3;0
4;0
5;0
6;69.44444444
7;133.3333333
8;266.6666667
9;322.2222222
10;447.2222222
11;438.8888889
12;527.7777778
13;638.8888889
14;644.4444444
15;541.6666667
16;305.5555556
17;238.8888889
18;86.11111111
19;5.555555556
20;0
21;0
22;0
23;0
24;0
1;0
2;0
3;0
4;0
5;0
6;50
7;172.2222222
8;338.8888889
9;522.2222222
10;383.3333333
11;411.1111111
12;588.8888889
13;519.4444444
14;277.7777778
15;419.4444444
16;263.8888889
17;227.7777778
18;88.88888889
19;2.777777778
20;0
21;0
22;0
23;0
24;0
1;0
2;0
3;0
4;0
5;0
6;16.66666667
7;133.3333333
8;155.5555556
9;136.1111111
10;297.2222222
11;552.7777778
12;663.8888889
13;466.6666667
14;616.6666667
15;441.6666667
16;158.3333333
17;194.4444444
18;80.55555556
19;5.555555556
20;0
21;0
22;0
23;0
24;0
1;0
2;0
3;0
4;0
5;0
6;16.66666667
7;102.7777778
8;202.7777778
9;397.2222222
10;400
11;441.6666667
12;333.3333333
13;222.2222222
14;277.7777778
15;252.7777778
16;163.8888889
17;105.5555556
18;30.55555556
19;0
20;0
21;0
22;0
23;0
24;0
1;0
2;0
3;0
4;0
5;0
6;16.66666667
7;111.1111111
8;158.3333333
9;225
10;244.4444444
11;325
12;272.2222222
13;191.6666667
14;150
15;158.3333333
16;155.5555556
17;150
18;77.77777778
19;5.555555556
20;0
21;0
22;0
23;0
24;0
1;0
2;0
3;0
4;0
5;0
6;22.22222222
7;116.6666667
8;230.5555556
9;341.6666667
10;416.6666667
11;350
12;250
13;297.2222222
14;383.3333333
15;216.6666667
16;97.22222222
17;66.66666667
18;61.11111111
19;2.777777778
20;0
21;0
22;0
23;0
24;0
1;0
2;0
3;0
4;0
5;0
6;27.77777778
7;130.5555556
8;302.7777778
9;422.2222222
10;530.5555556
11;463.8888889
12;575
13;511.1111111
14;416.6666667
15;308.3333333
16;230.5555556
17;116.6666667
18;50
19;2.777777778
20;0
21;0
22;0
23;0
24;0
1;0
2;0
3;0
4;0
5;0
6;41.66666667
7;169.4444444
8;322.2222222
9;463.8888889
10;577.7777778
11;647.2222222
12;675
13;658.3333333
14;586.1111111
15;477.7777778
16;336.1111111
17;186.1111111
18;58.33333333
19;0
20;0
21;0
22;0
23;0
24;0
1;0
2;0
3;0
4;0
5;0
6;52.77777778
7;161.1111111
8;313.8888889
9;427.7777778
10;488.8888889
11;513.8888889
12;547.2222222
13;572.2222222
14;188.8888889
15;94.44444444
16;316.6666667
17;122.2222222
18;52.77777778
19;2.777777778
20;0
21;0
22;0
23;0
24;0
1;0
2;0
3;0
4;0
5;0
6;25
7;36.11111111
8;91.66666667
9;116.6666667
10;94.44444444
11;166.6666667
12;161.1111111
13;252.7777778
14;155.5555556
15;94.44444444
16;77.77777778
17;80.55555556
18;22.22222222
19;2.777777778
20;0
21;0
22;0
23;0
24;0
1;0
2;0
3;0
4;0
5;0
6;0
7;2.777777778
8;33.33333333
9;113.8888889
10;363.8888889
11;658.3333333
12;600
13;197.2222222
14;91.66666667
15;322.2222222
16;302.7777778
17;130.5555556
18;25
19;0
20;0
21;0
22;0
23;0
24;0
1;0
2;0
3;0
4;0
5;0
6;22.22222222
7;141.6666667
8;205.5555556
9;213.8888889
10;544.4444444
11;622.2222222
12;327.7777778
13;172.2222222
14;280.5555556
15;138.8888889
16;105.5555556
17;30.55555556
18;2.777777778
19;0
20;0
21;0
22;0
23;0
24;0
1;0
2;0
3;0
4;0
5;0
6;5.555555556
7;33.33333333
8;186.1111111
9;213.8888889
10;361.1111111
11;294.4444444
12;252.7777778
13;322.2222222
14;297.2222222
15;105.5555556
16;47.22222222
17;8.333333333
18;0
19;0
20;0
21;0
22;0
23;0
24;0
1;0
2;0
3;0
4;0
5;0
6;16.66666667
7;138.8888889
8;150
9;280.5555556
10;491.6666667
11;436.1111111
12;405.5555556
13;494.4444444
14;300
15;377.7777778
16;150
17;72.22222222
18;33.33333333
19;0
20;0
21;0
22;0
23;0
24;0
1;0
2;0
3;0
4;0
5;0
6;11.11111111
7;69.44444444
8;250
9;261.1111111
10;277.7777778
11;333.3333333
12;505.5555556
13;358.3333333
14;297.2222222
15;222.2222222
16;269.4444444
17;122.2222222
18;30.55555556
19;0
20;0
21;0
22;0
23;0
24;0
1;0
2;0
3;0
4;0
5;0
6;36.11111111
7;155.5555556
8;355.5555556
9;313.8888889
10;413.8888889
11;366.6666667
12;180.5555556
13;155.5555556
14;136.1111111
15;119.4444444
16;108.3333333
17;30.55555556
18;5.555555556
19;0
20;0
21;0
22;0
23;0
24;0
1;0
2;0
3;0
4;0
5;0
6;2.777777778
7;16.66666667
8;61.11111111
9;113.8888889
10;205.5555556
11;213.8888889
12;108.3333333
13;111.1111111
14;169.4444444
15;227.7777778
16;127.7777778
17;52.77777778
18;16.66666667
19;0
20;0
21;0
22;0
23;0
24;0
1;0
2;0
3;0
4;0
5;0
6;19.44444444
7;144.4444444
8;283.3333333
9;455.5555556
10;436.1111111
11;238.8888889
12;561.1111111
13;444.4444444
14;300
15;266.6666667
16;91.66666667
17;36.11111111
18;5.555555556
19;0
20;0
21;0
22;0
23;0
24;0
1;0
2;0
3;0
4;0
5;0
6;16.66666667
7;122.2222222
8;172.2222222
9;450
10;466.6666667
11;527.7777778
12;558.3333333
13;550
14;383.3333333
15;277.7777778
16;152.7777778
17;63.88888889
18;16.66666667
19;0
20;0
21;0
22;0
23;0
24;0
1;0
2;0
3;0
4;0
5;0
6;13.88888889
7;83.33333333
8;261.1111111
9;297.2222222
10;155.5555556
11;225
12;650
13;236.1111111
14;155.5555556
15;113.8888889
16;55.55555556
17;16.66666667
18;2.777777778
19;0
20;0
21;0
22;0
23;0
24;0
1;0
2;0
3;0
4;0
5;0
6;5.555555556
7;63.88888889
8;86.11111111
9;141.6666667
10;152.7777778
11;197.2222222
12;202.7777778
13;302.7777778
14;361.1111111
15;122.2222222
16;113.8888889
17;116.6666667
18;22.22222222
19;0
20;0
21;0
22;0
23;0
24;0
1;0
2;0
3;0
4;0
5;0
6;11.11111111
7;33.33333333
8;147.2222222
9;427.7777778
10;430.5555556
11;238.8888889
12;280.5555556
13;183.3333333
14;94.44444444
15;188.8888889
16;83.33333333
17;30.55555556
18;0
19;0
20;0
21;0
22;0
23;0
24;0
1;0
2;0
3;0
4;0
5;0
6;2.777777778
7;41.66666667
8;83.33333333
9;141.6666667
10;194.4444444
11;133.3333333
12;175
13;258.3333333
14;230.5555556
15;163.8888889
16;102.7777778
17;30.55555556
18;5.555555556
19;0
20;0
21;0
22;0
23;0
24;0
1;0
2;0
3;0
4;0
5;0
6;2.777777778
7;25
8;63.88888889
9;119.4444444
10;272.2222222
11;411.1111111
12;422.2222222
13;413.8888889
14;402.7777778
15;272.2222222
16;130.5555556
17;88.88888889
18;5.555555556
19;0
20;0
21;0
22;0
23;0
24;0
1;0
2;0
3;0
4;0
5;0
6;2.777777778
7;33.33333333
8;91.66666667
9;63.88888889
10;113.8888889
11;158.3333333
12;263.8888889
13;355.5555556
14;350
15;333.3333333
16;161.1111111
17;41.66666667
18;2.777777778
19;0
20;0
21;0
22;0
23;0
24;0
1;0
2;0
3;0
4;0
5;0
6;2.777777778
7;36.11111111
8;133.3333333
9;302.7777778
10;244.4444444
11;361.1111111
12;227.7777778
13;191.6666667
14;222.2222222
15;219.4444444
16;163.8888889
17;94.44444444
18;8.333333333
19;0
20;0
21;0
22;0
23;0
24;0
1;0
2;0
3;0
4;0
5;0
6;2.777777778
7;30.55555556
8;47.22222222
9;108.3333333
10;177.7777778
11;266.6666667
12;247.2222222
13;169.4444444
14;125
15;150
16;188.8888889
17;66.66666667
18;5.555555556
19;0
20;0
21;0
22;0
23;0
24;0
1;0
2;0
3;0
4;0
5;0
6;0
7;13.88888889
8;58.33333333
9;86.11111111
10;169.4444444
11;155.5555556
12;244.4444444
13;311.1111111
14;180.5555556
15;197.2222222
16;75
17;22.22222222
18;0
19;0
20;0
21;0
22;0
23;0
24;0
1;0
2;0
3;0
4;0
5;0
6;8.333333333
7;97.22222222
8;241.6666667
9;350
10;425
11;413.8888889
12;366.6666667
13;325
14;375
15;166.6666667
16;69.44444444
17;41.66666667
18;2.777777778
19;0
20;0
21;0
22;0
23;0
24;0
1;0
2;0
3;0
4;0
5;0
6;5.555555556
7;83.33333333
8;244.4444444
9;391.6666667
10;500
11;558.3333333
12;547.2222222
13;566.6666667
14;483.3333333
15;369.4444444
16;222.2222222
17;47.22222222
18;2.777777778
19;0
20;0
21;0
22;0
23;0
24;0
1;0
2;0
3;0
4;0
5;0
6;5.555555556
7;91.66666667
8;247.2222222
9;375
10;494.4444444
11;561.1111111
12;572.2222222
13;550
14;477.7777778
15;355.5555556
16;230.5555556
17;91.66666667
18;5.555555556
19;0
20;0
21;0
22;0
23;0
24;0
1;0
2;0
3;0
4;0
5;0
6;5.555555556
7;72.22222222
8;241.6666667
9;361.1111111
10;480.5555556
11;538.8888889
12;550
13;547.2222222
14;469.4444444
15;361.1111111
16;216.6666667
17;77.77777778
18;2.777777778
19;0
20;0
21;0
22;0
23;0
24;0
1;0
2;0
3;0
4;0
5;0
6;2.777777778
7;77.77777778
8;230.5555556
9;369.4444444
10;477.7777778
11;577.7777778
12;575
13;561.1111111
14;422.2222222
15;333.3333333
16;213.8888889
17;72.22222222
18;2.777777778
19;0
20;0
21;0
22;0
23;0
24;0
1;0
2;0
3;0
4;0
5;0
6;2.777777778
7;72.22222222
8;219.4444444
9;358.3333333
10;469.4444444
11;538.8888889
12;558.3333333
13;530.5555556
14;455.5555556
15;336.1111111
16;202.7777778
17;61.11111111
18;0
19;0
20;0
21;0
22;0
23;0
24;0
1;0
2;0
3;0
4;0
5;0
6;5.555555556
7;86.11111111
8;208.3333333
9;319.4444444
10;408.3333333
11;425
12;330.5555556
13;311.1111111
14;327.7777778
15;227.7777778
16;197.2222222
17;66.66666667
18;0
19;0
20;0
21;0
22;0
23;0
24;0
1;0
2;0
3;0
4;0
5;0
6;5.555555556
7;72.22222222
8;180.5555556
9;291.6666667
10;391.6666667
11;477.7777778
12;500
13;483.3333333
14;447.2222222
15;272.2222222
16;116.6666667
17;33.33333333
18;0
19;0
20;0
21;0
22;0
23;0
24;0
1;0
2;0
3;0
4;0
5;0
6;0
7;13.88888889
8;158.3333333
9;222.2222222
10;330.5555556
11;269.4444444
12;250
13;205.5555556
14;352.7777778
15;200
16;77.77777778
17;33.33333333
18;0
19;0
20;0
21;0
22;0
23;0
24;0
1;0
2;0
3;0
4;0
5;0
6;0
7;5.555555556
8;66.66666667
9;258.3333333
10;313.8888889
11;483.3333333
12;397.2222222
13;155.5555556
14;205.5555556
15;255.5555556
16;88.88888889
17;16.66666667
18;0
19;0
20;0
21;0
22;0
23;0
24;0
1;0
2;0
3;0
4;0
5;0
6;0
7;33.33333333
8;105.5555556
9;241.6666667
10;300
11;152.7777778
12;302.7777778
13;291.6666667
14;177.7777778
15;69.44444444
16;50
17;38.88888889
18;0
19;0
20;0
21;0
22;0
23;0
24;0
1;0
2;0
3;0
4;0
5;0
6;0
7;52.77777778
8;191.6666667
9;325
10;419.4444444
11;472.2222222
12;452.7777778
13;261.1111111
14;169.4444444
15;119.4444444
16;61.11111111
17;16.66666667
18;0
19;0
20;0
21;0
22;0
23;0
24;0
1;0
2;0
3;0
4;0
5;0
6;0
7;16.66666667
8;61.11111111
9;125
10;186.1111111
11;241.6666667
12;288.8888889
13;263.8888889
14;155.5555556
15;72.22222222
16;30.55555556
17;13.88888889
18;0
19;0
20;0
21;0
22;0
23;0
24;0
1;0
2;0
3;0
4;0
5;0
6;0
7;27.77777778
8;88.88888889
9;194.4444444
10;208.3333333
11;222.2222222
12;172.2222222
13;144.4444444
14;230.5555556
15;88.88888889
16;25
17;2.777777778
18;0
19;0
20;0
21;0
22;0
23;0
24;0
1;0
2;0
3;0
4;0
5;0
6;0
7;88.88888889
8;219.4444444
9;322.2222222
10;411.1111111
11;302.7777778
12;366.6666667
13;411.1111111
14;247.2222222
15;161.1111111
16;138.8888889
17;13.88888889
18;0
19;0
20;0
21;0
22;0
23;0
24;0
1;0
2;0
3;0
4;0
5;0
6;0
7;2.777777778
8;13.88888889
9;22.22222222
10;36.11111111
11;25
12;38.88888889
13;58.33333333
14;50
15;25
16;11.11111111
17;2.777777778
18;0
19;0
20;0
21;0
22;0
23;0
24;0
1;0
2;0
3;0
4;0
5;0
6;0
7;13.88888889
8;72.22222222
9;100
10;363.8888889
11;352.7777778
12;394.4444444
13;222.2222222
14;208.3333333
15;188.8888889
16;44.44444444
17;2.777777778
18;0
19;0
20;0
21;0
22;0
23;0
24;0
1;0
2;0
3;0
4;0
5;0
6;0
7;0
8;8.333333333
9;11.11111111
10;19.44444444
11;33.33333333
12;30.55555556
13;33.33333333
14;25
15;27.77777778
16;16.66666667
17;2.777777778
18;0
19;0
20;0
21;0
22;0
23;0
24;0
1;0
2;0
3;0
4;0
5;0
6;0
7;5.555555556
8;13.88888889
9;50
10;52.77777778
11;38.88888889
12;47.22222222
13;44.44444444
14;36.11111111
15;30.55555556
16;25
17;5.555555556
18;0
19;0
20;0
21;0
22;0
23;0
24;0
1;0
2;0
3;0
4;0
5;0
6;0
7;25
8;102.7777778
9;122.2222222
10;147.2222222
11;141.6666667
12;44.44444444
13;147.2222222
14;77.77777778
15;58.33333333
16;19.44444444
17;2.777777778
18;0
19;0
20;0
21;0
22;0
23;0
24;0
1;0
2;0
3;0
4;0
5;0
6;0
7;16.66666667
8;94.44444444
9;219.4444444
10;325
11;380.5555556
12;266.6666667
13;175
14;116.6666667
15;69.44444444
16;25
17;5.555555556
18;0
19;0
20;0
21;0
22;0
23;0
24;0
1;0
2;0
3;0
4;0
5;0
6;0
7;16.66666667
8;88.88888889
9;180.5555556
10;225
11;375
12;358.3333333
13;319.4444444
14;261.1111111
15;161.1111111
16;83.33333333
17;8.333333333
18;0
19;0
20;0
21;0
22;0
23;0
24;0
1;0
2;0
3;0
4;0
5;0
6;0
7;8.333333333
8;38.88888889
9;80.55555556
10;122.2222222
11;127.7777778
12;113.8888889
13;161.1111111
14;72.22222222
15;44.44444444
16;33.33333333
17;8.333333333
18;0
19;0
20;0
21;0
22;0
23;0
24;0
1;0
2;0
3;0
4;0
5;0
6;0
7;27.77777778
8;91.66666667
9;208.3333333
10;227.7777778
11;297.2222222
12;380.5555556
13;272.2222222
14;191.6666667
15;75
16;19.44444444
17;2.777777778
18;0
19;0
20;0
21;0
22;0
23;0
24;0
1;0
2;0
3;0
4;0
5;0
6;0
7;8.333333333
8;58.33333333
9;161.1111111
10;200
11;302.7777778
12;341.6666667
13;336.1111111
14;250
15;102.7777778
16;55.55555556
17;5.555555556
18;0
19;0
20;0
21;0
22;0
23;0
24;0
1;0
2;0
3;0
4;0
5;0
6;0
7;11.11111111
8;66.66666667
9;100
10;111.1111111
11;133.3333333
12;194.4444444
13;183.3333333
14;150
15;77.77777778
16;36.11111111
17;5.555555556
18;0
19;0
20;0
21;0
22;0
23;0
24;0
1;0
2;0
3;0
4;0
5;0
6;0
7;16.66666667
8;122.2222222
9;219.4444444
10;300
11;383.3333333
12;375
13;352.7777778
14;266.6666667
15;119.4444444
16;69.44444444
17;2.777777778
18;0
19;0
20;0
21;0
22;0
23;0
24;0
1;0
2;0
3;0
4;0
5;0
6;0
7;5.555555556
8;22.22222222
9;150
10;211.1111111
11;169.4444444
12;219.4444444
13;208.3333333
14;233.3333333
15;133.3333333
16;33.33333333
17;5.555555556
18;0
19;0
20;0
21;0
22;0
23;0
24;0
1;0
2;0
3;0
4;0
5;0
6;0
7;16.66666667
8;119.4444444
9;261.1111111
10;336.1111111
11;397.2222222
12;408.3333333
13;380.5555556
14;294.4444444
15;169.4444444
16;69.44444444
17;2.777777778
18;0
19;0
20;0
21;0
22;0
23;0
24;0
1;0
2;0
3;0
4;0
5;0
6;0
7;2.777777778
8;22.22222222
9;47.22222222
10;77.77777778
11;94.44444444
12;102.7777778
13;111.1111111
14;72.22222222
15;36.11111111
16;11.11111111
17;0
18;0
19;0
20;0
21;0
22;0
23;0
24;0
1;0
2;0
3;0
4;0
5;0
6;0
7;8.333333333
8;83.33333333
9;177.7777778
10;200
11;230.5555556
12;250
13;352.7777778
14;272.2222222
15;183.3333333
16;66.66666667
17;2.777777778
18;0
19;0
20;0
21;0
22;0
23;0
24;0
1;0
2;0
3;0
4;0
5;0
6;0
7;2.777777778
8;13.88888889
9;50
10;113.8888889
11;211.1111111
12;294.4444444
13;141.6666667
14;188.8888889
15;136.1111111
16;25
17;0
18;0
19;0
20;0
21;0
22;0
23;0
24;0
1;0
2;0
3;0
4;0
5;0
6;0
7;2.777777778
8;27.77777778
9;61.11111111
10;200
11;222.2222222
12;255.5555556
13;136.1111111
14;136.1111111
15;44.44444444
16;25
17;2.777777778
18;0
19;0
20;0
21;0
22;0
23;0
24;0
1;0
2;0
3;0
4;0
5;0
6;0
7;5.555555556
8;97.22222222
9;177.7777778
10;208.3333333
11;202.7777778
12;202.7777778
13;227.7777778
14;200
15;127.7777778
16;47.22222222
17;0
18;0
19;0
20;0
21;0
22;0
23;0
24;0
1;0
2;0
3;0
4;0
5;0
6;0
7;5.555555556
8;91.66666667
9;197.2222222
10;308.3333333
11;352.7777778
12;380.5555556
13;291.6666667
14;122.2222222
15;158.3333333
16;50
17;0
18;0
19;0
20;0
21;0
22;0
23;0
24;0
1;0
2;0
3;0
4;0
5;0
6;0
7;5.555555556
8;58.33333333
9;108.3333333
10;127.7777778
11;188.8888889
12;241.6666667
13;177.7777778
14;130.5555556
15;58.33333333
16;22.22222222
17;0
18;0
19;0
20;0
21;0
22;0
23;0
24;0
1;0
2;0
3;0
4;0
5;0
6;0
7;0
8;16.66666667
9;72.22222222
10;77.77777778
11;91.66666667
12;91.66666667
13;75
14;55.55555556
15;38.88888889
16;5.555555556
17;0
18;0
19;0
20;0
21;0
22;0
23;0
24;0
1;0
2;0
3;0
4;0
5;0
6;0
7;0
8;16.66666667
9;38.88888889
10;66.66666667
11;72.22222222
12;72.22222222
13;52.77777778
14;58.33333333
15;27.77777778
16;8.333333333
17;0
18;0
19;0
20;0
21;0
22;0
23;0
24;0
1;0
2;0
3;0
4;0
5;0
6;0
7;2.777777778
8;33.33333333
9;152.7777778
10;138.8888889
11;130.5555556
12;19.44444444
13;55.55555556
14;44.44444444
15;61.11111111
16;25
17;0
18;0
19;0
20;0
21;0
22;0
23;0
24;0
1;0
2;0
3;0
4;0
5;0
6;0
7;5.555555556
8;13.88888889
9;13.88888889
10;41.66666667
11;47.22222222
12;88.88888889
13;130.5555556
14;75
15;144.4444444
16;33.33333333
17;0
18;0
19;0
20;0
21;0
22;0
23;0
24;0
1;0
2;0
3;0
4;0
5;0
6;0
7;2.777777778
8;36.11111111
9;94.44444444
10;91.66666667
11;119.4444444
12;41.66666667
13;44.44444444
14;13.88888889
15;13.88888889
16;5.555555556
17;0
18;0
19;0
20;0
21;0
22;0
23;0
24;0
1;0
2;0
3;0
4;0
5;0
6;0
7;0
8;22.22222222
9;77.77777778
10;100
11;94.44444444
12;80.55555556
13;55.55555556
14;22.22222222
15;36.11111111
16;13.88888889
17;0
18;0
19;0
20;0
21;0
22;0
23;0
24;0
1;0
2;0
3;0
4;0
5;0
6;0
7;0
8;27.77777778
9;58.33333333
10;111.1111111
11;69.44444444
12;77.77777778
13;72.22222222
14;61.11111111
15;102.7777778
16;8.333333333
17;0
18;0
19;0
20;0
21;0
22;0
23;0
24;0
1;0
2;0
3;0
4;0
5;0
6;0
7;0
8;22.22222222
9;69.44444444
10;141.6666667
11;222.2222222
12;244.4444444
13;241.6666667
14;158.3333333
15;58.33333333
16;13.88888889
17;0
18;0
19;0
20;0
21;0
22;0
23;0
24;0
1;0
2;0
3;0
4;0
5;0
6;0
7;0
8;44.44444444
9;152.7777778
10;230.5555556
11;297.2222222
12;294.4444444
13;236.1111111
14;105.5555556
15;69.44444444
16;5.555555556
17;0
18;0
19;0
20;0
21;0
22;0
23;0
24;0
1;0
2;0
3;0
4;0
5;0
6;0
7;0
8;5.555555556
9;61.11111111
10;147.2222222
11;169.4444444
12;288.8888889
13;300
14;225
15;113.8888889
16;8.333333333
17;0
18;0
19;0
20;0
21;0
22;0
23;0
24;0
1;0
2;0
3;0
4;0
5;0
6;0
7;0
8;55.55555556
9;147.2222222
10;236.1111111
11;225
12;169.4444444
13;122.2222222
14;86.11111111
15;63.88888889
16;11.11111111
17;0
18;0
19;0
20;0
21;0
22;0
23;0
24;0
1;0
2;0
3;0
4;0
5;0
6;0
7;0
8;5.555555556
9;25
10;30.55555556
11;27.77777778
12;36.11111111
13;52.77777778
14;30.55555556
15;11.11111111
16;5.555555556
17;0
18;0
19;0
20;0
21;0
22;0
23;0
24;0
1;0
2;0
3;0
4;0
5;0
6;0
7;0
8;38.88888889
9;125
10;211.1111111
11;286.1111111
12;283.3333333
13;97.22222222
14;205.5555556
15;111.1111111
16;13.88888889
17;0
18;0
19;0
20;0
21;0
22;0
23;0
24;0
1;0
2;0
3;0
4;0
5;0
6;0
7;0
8;11.11111111
9;41.66666667
10;58.33333333
11;52.77777778
12;38.88888889
13;38.88888889
14;30.55555556
15;36.11111111
16;8.333333333
17;0
18;0
19;0
20;0
21;0
22;0
23;0
24;0
1;0
2;0
3;0
4;0
5;0
6;0
7;0
8;30.55555556
9;83.33333333
10;216.6666667
11;294.4444444
12;302.7777778
13;263.8888889
14;172.2222222
15;83.33333333
16;22.22222222
17;0
18;0
19;0
20;0
21;0
22;0
23;0
24;0
1;0
2;0
3;0
4;0
5;0
6;0
7;0
8;8.333333333
9;33.33333333
10;69.44444444
11;108.3333333
12;105.5555556
13;91.66666667
14;69.44444444
15;30.55555556
16;5.555555556
17;0
18;0
19;0
20;0
21;0
22;0
23;0
24;0
1;0
2;0
3;0
4;0
5;0
6;0
7;0
8;11.11111111
9;36.11111111
10;61.11111111
11;58.33333333
12;47.22222222
13;38.88888889
14;33.33333333
15;25
16;5.555555556
17;0
18;0
19;0
20;0
21;0
22;0
23;0
24;0
1;0
2;0
3;0
4;0
5;0
6;0
7;0
8;11.11111111
9;33.33333333
10;58.33333333
11;86.11111111
12;61.11111111
13;47.22222222
14;41.66666667
15;22.22222222
16;0
17;0
18;0
19;0
20;0
21;0
22;0
23;0
24;0
1;0
2;0
3;0
4;0
5;0
6;0
7;0
8;5.555555556
9;36.11111111
10;80.55555556
11;127.7777778
12;150
13;133.3333333
14;55.55555556
15;52.77777778
16;8.333333333
17;0
18;0
19;0
20;0
21;0
22;0
23;0
24;0
1;0
2;0
3;0
4;0
5;0
6;0
7;0
8;19.44444444
9;100
10;200
11;202.7777778
12;83.33333333
13;66.66666667
14;58.33333333
15;27.77777778
16;5.555555556
17;0
18;0
19;0
20;0
21;0
22;0
23;0
24;0
1;0
2;0
3;0
4;0
5;0
6;0
7;0
8;5.555555556
9;41.66666667
10;86.11111111
11;177.7777778
12;277.7777778
13;138.8888889
14;122.2222222
15;75
16;5.555555556
17;0
18;0
19;0
20;0
21;0
22;0
23;0
24;0
1;0
2;0
3;0
4;0
5;0
6;0
7;0
8;11.11111111
9;22.22222222
10;47.22222222
11;75
12;86.11111111
13;86.11111111
14;38.88888889
15;25
16;8.333333333
17;0
18;0
19;0
20;0
21;0
22;0
23;0
24;0
1;0
2;0
3;0
4;0
5;0
6;0
7;0
8;5.555555556
9;33.33333333
10;83.33333333
11;113.8888889
12;130.5555556
13;177.7777778
14;111.1111111
15;50
16;8.333333333
17;0
18;0
19;0
20;0
21;0
22;0
23;0
24;0
1;0
2;0
3;0
4;0
5;0
6;0
7;0
8;5.555555556
9;47.22222222
10;94.44444444
11;108.3333333
12;144.4444444
13;111.1111111
14;75
15;36.11111111
16;5.555555556
17;0
18;0
19;0
20;0
21;0
22;0
23;0
24;0
1;0
2;0
3;0
4;0
5;0
6;0
7;0
8;8.333333333
9;75
10;133.3333333
11;230.5555556
12;200
13;113.8888889
14;94.44444444
15;58.33333333
16;5.555555556
17;0
18;0
19;0
20;0
21;0
22;0
23;0
24;0
1;0
2;0
3;0
4;0
5;0
6;0
7;0
8;8.333333333
9;38.88888889
10;122.2222222
11;83.33333333
12;130.5555556
13;86.11111111
14;77.77777778
15;38.88888889
16;5.555555556
17;0
18;0
19;0
20;0
21;0
22;0
23;0
24;0
1;0
2;0
3;0
4;0
5;0
6;0
7;0
8;2.777777778
9;44.44444444
10;88.88888889
11;108.3333333
12;125
13;72.22222222
14;36.11111111
15;19.44444444
16;2.777777778
17;0
18;0
19;0
20;0
21;0
22;0
23;0
24;0
1;0
2;0
3;0
4;0
5;0
6;0
7;0
8;5.555555556
9;22.22222222
10;30.55555556
11;77.77777778
12;91.66666667
13;69.44444444
14;83.33333333
15;36.11111111
16;2.777777778
17;0
18;0
19;0
20;0
21;0
22;0
23;0
24;0
1;0
2;0
3;0
4;0
5;0
6;0
7;0
8;0
9;13.88888889
10;30.55555556
11;33.33333333
12;19.44444444
13;22.22222222
14;36.11111111
15;22.22222222
16;2.777777778
17;0
18;0
19;0
20;0
21;0
22;0
23;0
24;0
1;0
2;0
3;0
4;0
5;0
6;0
7;0
8;8.333333333
9;55.55555556
10;75
11;163.8888889
12;250
13;116.6666667
14;58.33333333
15;27.77777778
16;5.555555556
17;0
18;0
19;0
20;0
21;0
22;0
23;0
24;0
1;0
2;0
3;0
4;0
5;0
6;0
7;0
8;8.333333333
9;83.33333333
10;161.1111111
11;194.4444444
12;91.66666667
13;55.55555556
14;30.55555556
15;27.77777778
16;2.777777778
17;0
18;0
19;0
20;0
21;0
22;0
23;0
24;0
1;0
2;0
3;0
4;0
5;0
6;0
7;0
8;5.555555556
9;44.44444444
10;111.1111111
11;191.6666667
12;230.5555556
13;169.4444444
14;108.3333333
15;52.77777778
16;5.555555556
17;0
18;0
19;0
20;0
21;0
22;0
23;0
24;0
1;0
2;0
3;0
4;0
5;0
6;0
7;0
8;5.555555556
9;63.88888889
10;133.3333333
11;175
12;205.5555556
13;208.3333333
14;172.2222222
15;72.22222222
16;5.555555556
17;0
18;0
19;0
20;0
21;0
22;0
23;0
24;0
1;0
2;0
3;0
4;0
5;0
6;0
7;0
8;2.777777778
9;25
10;55.55555556
11;61.11111111
12;36.11111111
13;25
14;19.44444444
15;11.11111111
16;2.777777778
17;0
18;0
19;0
20;0
21;0
22;0
23;0
24;0
1;0
2;0
3;0
4;0
5;0
6;0
7;0
8;5.555555556
9;33.33333333
10;55.55555556
11;50
12;27.77777778
13;11.11111111
14;5.555555556
15;0
16;0
17;0
18;0
19;0
20;0
21;0
22;0
23;0
24;0
1;0
2;0
3;0
4;0
5;0
6;0
7;0
8;2.777777778
9;33.33333333
10;72.22222222
11;141.6666667
12;122.2222222
13;94.44444444
14;63.88888889
15;25
16;0
17;0
18;0
19;0
20;0
21;0
22;0
23;0
24;0
1;0
2;0
3;0
4;0
5;0
6;0
7;0
8;0
9;16.66666667
10;44.44444444
11;50
12;80.55555556
13;91.66666667
14;55.55555556
15;19.44444444
16;2.777777778
17;0
18;0
19;0
20;0
21;0
22;0
23;0
24;0
1;0
2;0
3;0
4;0
5;0
6;0
7;0
8;5.555555556
9;19.44444444
10;55.55555556
11;138.8888889
12;125
13;88.88888889
14;38.88888889
15;19.44444444
16;2.777777778
17;0
18;0
19;0
20;0
21;0
22;0
23;0
24;0
1;0
2;0
3;0
4;0
5;0
6;0
7;0
8;0
9;27.77777778
10;111.1111111
11;122.2222222
12;113.8888889
13;152.7777778
14;97.22222222
15;36.11111111
16;5.555555556
17;0
18;0
19;0
20;0
21;0
22;0
23;0
24;0
1;0
2;0
3;0
4;0
5;0
6;0
7;0
8;2.777777778
9;75
10;147.2222222
11;197.2222222
12;225
13;205.5555556
14;144.4444444
15;61.11111111
16;5.555555556
17;0
18;0
19;0
20;0
21;0
22;0
23;0
24;0
1;0
2;0
3;0
4;0
5;0
6;0
7;0
8;2.777777778
9;75
10;163.8888889
11;197.2222222
12;227.7777778
13;122.2222222
14;75
15;27.77777778
16;2.777777778
17;0
18;0
19;0
20;0
21;0
22;0
23;0
24;0
1;0
2;0
3;0
4;0
5;0
6;0
7;0
8;2.777777778
9;33.33333333
10;133.3333333
11;194.4444444
12;211.1111111
13;211.1111111
14;133.3333333
15;47.22222222
16;5.555555556
17;0
18;0
19;0
20;0
21;0
22;0
23;0
24;0
1;0
2;0
3;0
4;0
5;0
6;0
7;0
8;2.777777778
9;27.77777778
10;58.33333333
11;80.55555556
12;141.6666667
13;161.1111111
14;125
15;52.77777778
16;5.555555556
17;0
18;0
19;0
20;0
21;0
22;0
23;0
24;0
1;0
2;0
3;0
4;0
5;0
6;0
7;0
8;0
9;22.22222222
10;86.11111111
11;88.88888889
12;88.88888889
13;111.1111111
14;133.3333333
15;63.88888889
16;2.777777778
17;0
18;0
19;0
20;0
21;0
22;0
23;0
24;0
1;0
2;0
3;0
4;0
5;0
6;0
7;0
8;0
9;16.66666667
10;66.66666667
11;113.8888889
12;77.77777778
13;66.66666667
14;52.77777778
15;19.44444444
16;2.777777778
17;0
18;0
19;0
20;0
21;0
22;0
23;0
24;0
1;0
2;0
3;0
4;0
5;0
6;0
7;0
8;0
9;33.33333333
10;88.88888889
11;111.1111111
12;191.6666667
13;169.4444444
14;105.5555556
15;47.22222222
16;5.555555556
17;0
18;0
19;0
20;0
21;0
22;0
23;0
24;0
1;0
2;0
3;0
4;0
5;0
6;0
7;0
8;0
9;2.777777778
10;16.66666667
11;36.11111111
12;30.55555556
13;55.55555556
14;47.22222222
15;19.44444444
16;0
17;0
18;0
19;0
20;0
21;0
22;0
23;0
24;0
1;0
2;0
3;0
4;0
5;0
6;0
7;0
8;2.777777778
9;13.88888889
10;33.33333333
11;83.33333333
12;97.22222222
13;102.7777778
14;86.11111111
15;72.22222222
16;2.777777778
17;0
18;0
19;0
20;0
21;0
22;0
23;0
24;0
1;0
2;0
3;0
4;0
5;0
6;0
7;0
8;0
9;16.66666667
10;77.77777778
11;50
12;91.66666667
13;183.3333333
14;138.8888889
15;55.55555556
16;5.555555556
17;0
18;0
19;0
20;0
21;0
22;0
23;0
24;0
1;0
2;0
3;0
4;0
5;0
6;0
7;0
8;0
9;44.44444444
10;125
11;177.7777778
12;208.3333333
13;191.6666667
14;136.1111111
15;58.33333333
16;5.555555556
17;0
18;0
19;0
20;0
21;0
22;0
23;0
24;0
1;0
2;0
3;0
4;0
5;0
6;0
7;0
8;0
9;8.333333333
10;22.22222222
11;38.88888889
12;25
13;25
14;19.44444444
15;8.333333333
16;0
17;0
18;0
19;0
20;0
21;0
22;0
23;0
24;0
1;0
2;0
3;0
4;0
5;0
6;0
7;0
8;0
9;8.333333333
10;38.88888889
11;55.55555556
12;141.6666667
13;66.66666667
14;25
15;22.22222222
16;2.777777778
17;0
18;0
19;0
20;0
21;0
22;0
23;0
24;0
1;0
2;0
3;0
4;0
5;0
6;0
7;0
8;0
9;36.11111111
10;80.55555556
11;161.1111111
12;144.4444444
13;125
14;33.33333333
15;19.44444444
16;0
17;0
18;0
19;0
20;0
21;0
22;0
23;0
24;0
1;0
2;0
3;0
4;0
5;0
6;0
7;0
8;0
9;2.777777778
10;8.333333333
11;19.44444444
12;27.77777778
13;22.22222222
14;11.11111111
15;5.555555556
16;0
17;0
18;0
19;0
20;0
21;0
22;0
23;0
24;0
1;0
2;0
3;0
4;0
5;0
6;0
7;0
8;0
9;19.44444444
10;125
11;130.5555556
12;161.1111111
13;130.5555556
14;100
15;44.44444444
16;5.555555556
17;0
18;0
19;0
20;0
21;0
22;0
23;0
24;0
1;0
2;0
3;0
4;0
5;0
6;0
7;0
8;0
9;13.88888889
10;41.66666667
11;86.11111111
12;91.66666667
13;105.5555556
14;66.66666667
15;38.88888889
16;8.333333333
17;0
18;0
19;0
20;0
21;0
22;0
23;0
24;0
1;0
2;0
3;0
4;0
5;0
6;0
7;0
8;0
9;5.555555556
10;11.11111111
11;16.66666667
12;22.22222222
13;30.55555556
14;11.11111111
15;5.555555556
16;2.777777778
17;0
18;0
19;0
20;0
21;0
22;0
23;0
24;0
1;0
2;0
3;0
4;0
5;0
6;0
7;0
8;0
9;16.66666667
10;63.88888889
11;158.3333333
12;147.2222222
13;158.3333333
14;147.2222222
15;61.11111111
16;8.333333333
17;0
18;0
19;0
20;0
21;0
22;0
23;0
24;0
1;0
2;0
3;0
4;0
5;0
6;0
7;0
8;0
9;47.22222222
10;150
11;188.8888889
12;205.5555556
13;163.8888889
14;41.66666667
15;66.66666667
16;8.333333333
17;0
18;0
19;0
20;0
21;0
22;0
23;0
24;0
1;0
2;0
3;0
4;0
5;0
6;0
7;0
8;2.777777778
9;52.77777778
10;100
11;158.3333333
12;150
13;130.5555556
14;55.55555556
15;22.22222222
16;2.777777778
17;0
18;0
19;0
20;0
21;0
22;0
23;0
24;0
1;0
2;0
3;0
4;0
5;0
6;0
7;0
8;0
9;33.33333333
10;63.88888889
11;75
12;150
13;102.7777778
14;86.11111111
15;33.33333333
16;2.777777778
17;0
18;0
19;0
20;0
21;0
22;0
23;0
24;0
